num,image,title,price,make_year,engine_cc,availability,transmission,exterior,fuel,drive,details_link,reserve_link
MTH2564,https://www.motorhub.co.ke/assets/images/CarPhotos/Large_382fab4ca7ec768f5d200ef31b58596d_05042023025324.JPG,Mazda Axela Sedan,Request Price Below,2015,1500 CC,In Stock,Auto,White,Petrol,2 WD,https://www.motorhub.co.ke/detail/mazda-axela-994,https://www.motorhub.co.ke/reserve/mazda-axela-994
MTH2563,https://www.motorhub.co.ke/assets/images/CarPhotos/Large_719b96a64464b2b01533f056013108ee_03042023044707.JPG,Toyota FJ Cruiser ,"KSh 3,600,000",2012,4000 CC,In Stock,Auto,Blue,Petrol,4 WD,https://www.motorhub.co.ke/detail/toyota-fj-cruiser-993,https://www.motorhub.co.ke/reserve/toyota-fj-cruiser-993
MTH2562,https://www.motorhub.co.ke/assets/images/CarPhotos/Large_fe1c3c2e2116cdb556215270501f3d34_03042023043721.JPG,Toyota Crown ,"KSh 1,500,000",2010,2500 CC,In Stock,Auto,Pearl,Petrol,2 WD,https://www.motorhub.co.ke/detail/toyota-crown-992,https://www.motorhub.co.ke/reserve/toyota-crown-992
MTH2561,https://www.motorhub.co.ke/assets/images/CarPhotos/Large_285ff0e035c4e27935067d648bcd945c_03042023042418.JPG,Volkswagen Touareg ,Price on request,2004,3200 CC,In Stock,Auto,Black,Diesel,2 WD,https://www.motorhub.co.ke/detail/volkswagen-touareg-991,https://www.motorhub.co.ke/reserve/volkswagen-touareg-991
MTH2560,https://www.motorhub.co.ke/assets/images/CarPhotos/Large_dda4bfbcd476269905e512a951ccbeb5_03042023041155.JPG,Ford Ranger ,"KSh 5,100,000",2015,3200 CC,In Stock,Auto,Orange,Diesel,4 WD,https://www.motorhub.co.ke/detail/ford-ranger-990,https://www.motorhub.co.ke/reserve/ford-ranger-990
MTH2559,https://www.motorhub.co.ke/assets/images/CarPhotos/Large_ed8f27f94f5c3fc938dcb5ae2b641295_03042023035501.JPG,Nissan Note ,Price on request,2015,1200 CC,In Stock,Auto,Grey,Petrol,2 WD,https://www.motorhub.co.ke/detail/nissan-note-989,https://www.motorhub.co.ke/reserve/nissan-note-989
MTH2558,https://www.motorhub.co.ke/assets/images/CarPhotos/Large_2cad485a1f730125623412b4865f3c18_03042023034713.JPG,Nissan Note ,Price on request,2016,1200 CC,In Stock,Auto,Blue,Petrol,2 WD,https://www.motorhub.co.ke/detail/nissan-note-988,https://www.motorhub.co.ke/reserve/nissan-note-988
MTH2557,https://www.motorhub.co.ke/assets/images/CarPhotos/Large_70ab82cb81577c143bf204eba44d8111_03042023033959.JPG,Nissan Note ,Price on request,2015,1200 CC,In Stock,Auto,White,Petrol,2 WD,https://www.motorhub.co.ke/detail/nissan-note-987,https://www.motorhub.co.ke/reserve/nissan-note-987
MTH2555,https://www.motorhub.co.ke/assets/images/CarPhotos/Large_6f0415ce771a4285009c8d6597360508_03042023032111.JPG,Toyota Noah ,Price on request,2014,2000 CC,In Stock,Auto,Black,Petrol,2 WD,https://www.motorhub.co.ke/detail/toyota-noah-985,https://www.motorhub.co.ke/reserve/toyota-noah-985
MTH2554,https://www.motorhub.co.ke/assets/images/CarPhotos/Large_3c792a0259368f3fbb9010ef64f4f073_03042023030315.JPG,Daihatsu Mira ,Price on request,2014,650 CC,In Stock,Auto,Black,Petrol,2 WD,https://www.motorhub.co.ke/detail/daihatsu-mira-984,https://www.motorhub.co.ke/reserve/daihatsu-mira-984
MTH2552,https://www.motorhub.co.ke/assets/images/CarPhotos/Large_ec310f0238b556a82818aad1991cf359_03042023125206.JPG,Subaru Forester ,Price on request,2016,2000 CC,In Stock,Auto,Black,Petrol,2 WD,https://www.motorhub.co.ke/detail/subaru-forester-982,https://www.motorhub.co.ke/reserve/subaru-forester-982
MTH2549,https://www.motorhub.co.ke/assets/images/CarPhotos/Large_d42e1f32e14caa6b627cb72f54492a57_30032023032241.JPG,Subaru Outback ,Price on request,2015,2500 CC,In Stock,Auto,Gold,Petrol,2 WD,https://www.motorhub.co.ke/detail/subaru-outback-979,https://www.motorhub.co.ke/reserve/subaru-outback-979
MTH2548,https://www.motorhub.co.ke/assets/images/CarPhotos/Large_dc60295bcfea200720b46d0fe342756c_30032023025153.JPG,Subaru Impreza ,Price on request,2015,2000 CC,In Stock,Auto,Silver,Petrol,2 WD,https://www.motorhub.co.ke/detail/subaru-impreza-978,https://www.motorhub.co.ke/reserve/subaru-impreza-978
MTH2546,https://www.motorhub.co.ke/assets/images/CarPhotos/Large_373b47cf304130869253e7329b95ca9f_30032023124044.JPG,Lexus RX200T ,Price on request,2016,2000 CC,In Stock,Auto,Blue,Petrol,4 WD,https://www.motorhub.co.ke/detail/lexus-rx200t-976,https://www.motorhub.co.ke/reserve/lexus-rx200t-976
MTH2545,https://www.motorhub.co.ke/assets/images/CarPhotos/Large_92983b59e26815948205cdb4edab9c81_30032023122808.JPG,Volkswagen Golf TSI,Price on request,2015,1800 CC,In Stock,Auto,White,Petrol,2 WD,https://www.motorhub.co.ke/detail/volkswagen-golf-975,https://www.motorhub.co.ke/reserve/volkswagen-golf-975
MTH2544,https://www.motorhub.co.ke/assets/images/CarPhotos/Large_f1c0351fdf61c504eb1551bf179a2b9f_30032023120505.JPG,Honda FIT ,Price on request,2015,1500 CC,In Stock,Auto,White,Petrol,2 WD,https://www.motorhub.co.ke/detail/honda-fit-974,https://www.motorhub.co.ke/reserve/honda-fit-974
MTH2543,https://www.motorhub.co.ke/assets/images/CarPhotos/Large_131de6282d0063c028a3630280516f6f_30032023115646.JPG,Mercedes-Benz GLA250 ,Price on request,2014,2500 CC,In Stock,Auto,Black,Petrol,4 WD,https://www.motorhub.co.ke/detail/mercedes-benz-gla250-973,https://www.motorhub.co.ke/reserve/mercedes-benz-gla250-973
MTH2542,https://www.motorhub.co.ke/assets/images/CarPhotos/Large_7a87ba03f1e800473ad005e6cb62b9e2_30032023114245.JPG,Subaru Forester XT,Price on request,2015,2000 CC,In Stock,Auto,Green,Petrol,4 WD,https://www.motorhub.co.ke/detail/subaru-forester-972,https://www.motorhub.co.ke/reserve/subaru-forester-972
MTH2541,https://www.motorhub.co.ke/assets/images/CarPhotos/Large_3f2897edc5ca792e14baa543ad8821a8_30032023113210.JPG,Subaru Forester AWD,Price on request,2015,2500 CC,In Stock,Auto,Grey,Petrol,4 WD,https://www.motorhub.co.ke/detail/subaru-forester-971,https://www.motorhub.co.ke/reserve/subaru-forester-971
MTH2540,https://www.motorhub.co.ke/assets/images/CarPhotos/Large_e52e86c8a5317936bb15f465e1c2623d_30032023102346.jpeg,Porsche Cayenne V6,"KSh 6,800,000",2016,3000 CC,Shipping,Auto,Dark Blue,Diesel,4 WD,https://www.motorhub.co.ke/detail/porsche-cayenne-970,https://www.motorhub.co.ke/reserve/porsche-cayenne-970
MTH2539,https://www.motorhub.co.ke/assets/images/CarPhotos/Large_6671e876dc10598c1b587ae304138813_30032023102134.jpeg,Porsche Cayenne V6,Request Price Below,2016,3000 CC,Shipping,Auto,Bronze,Diesel,4 WD,https://www.motorhub.co.ke/detail/porsche-cayenne-969,https://www.motorhub.co.ke/reserve/porsche-cayenne-969
MTH2538,https://www.motorhub.co.ke/assets/images/CarPhotos/Large_d20a3343ce0c2b1323e69e2e404b037b_30032023110849.JPG,Ford Everest XLT,Price on request,2016,3200 CC,In Stock,Auto,Silver,Diesel,4 WD,https://www.motorhub.co.ke/detail/ford-everest-968,https://www.motorhub.co.ke/reserve/ford-everest-968
MTH2537,https://www.motorhub.co.ke/assets/images/CarPhotos/Large_085a075def2dcdb7b5dfa6eda0c9f728_30032023101244.JPG,Mazda Demio ,Price on request,2016,1300 CC,In Stock,Auto,Blue,Petrol,2 WD,https://www.motorhub.co.ke/detail/mazda-demio-967,https://www.motorhub.co.ke/reserve/mazda-demio-967
MTH2536,https://www.motorhub.co.ke/assets/images/CarPhotos/Large_eaa237b64e0b9e6d001c0d91975f6a5d_29032023041915.JPG,Mazda CX-3 AWD,"KSh 2,100,000",2015,1500 CC,In Stock,Auto,Blue,Diesel,4 WD,https://www.motorhub.co.ke/detail/mazda-cx-3-966,https://www.motorhub.co.ke/reserve/mazda-cx-3-966
MTH2535,https://www.motorhub.co.ke/assets/images/CarPhotos/Large_e072b1b64efb79a48343617ed2e5b94a_29032023040549.JPG,Honda CRV AWD,"KSh 3,350,000",2015,2400 CC,In Stock,Auto,Black,Petrol,4 WD,https://www.motorhub.co.ke/detail/honda-crv-965,https://www.motorhub.co.ke/reserve/honda-crv-965
MTH2533,https://www.motorhub.co.ke/assets/images/CarPhotos/Large_2ee8316d642fca16aeb16b0c7dc8159e_29032023022515.JPG,Mercedes-Benz C-Class C200,Price On Request,2015,2000 CC,In Stock,Auto,Silver,Petrol,2 WD,https://www.motorhub.co.ke/detail/mercedes-benz-c-class-963,https://www.motorhub.co.ke/reserve/mercedes-benz-c-class-963
MTH2532,https://www.motorhub.co.ke/assets/images/CarPhotos/Large_37d5988805144be79035ced99347e669_29032023124809.JPG,Mercedes-Benz C-Class C200,Price On Request,2015,2000 CC,In Stock,Auto,Silver,Petrol,2 WD,https://www.motorhub.co.ke/detail/mercedes-benz-c-class-962,https://www.motorhub.co.ke/reserve/mercedes-benz-c-class-962
MTH2531,https://www.motorhub.co.ke/assets/images/CarPhotos/Large_7a602fbb27f63a93798e833ec5c3452a_29032023123548.JPG,Mercedes-Benz C-Class C200,Price On Request,2015,1800 CC,In Stock,Auto,White,Petrol,2 WD,https://www.motorhub.co.ke/detail/mercedes-benz-c-class-961,https://www.motorhub.co.ke/reserve/mercedes-benz-c-class-961
MTH2530,https://www.motorhub.co.ke/assets/images/CarPhotos/Large_714132303cfdc5fbafddf15175a7382f_28032023124622.JPG,Toyota Axio Hybrid,Request Price Below,2015,1500 CC,In Stock,Auto,White,Petrol,2 WD,https://www.motorhub.co.ke/detail/toyota-axio-960,https://www.motorhub.co.ke/reserve/toyota-axio-960
MTH2529,https://www.motorhub.co.ke/assets/images/CarPhotos/Large_981622fd1ea41054f811d835062c86f0_28032023123431.JPG,Mazda Axela Sedan,"KSh 1,650,000",2015,1500 CC,In Stock,Auto,Bronze,Petrol,2 WD,https://www.motorhub.co.ke/detail/mazda-axela-959,https://www.motorhub.co.ke/reserve/mazda-axela-959
MTH2528,https://www.motorhub.co.ke/assets/images/CarPhotos/Large_88ce40facab0266229f86794c357bf84_28032023122823.JPG,Suzuki Alto New Shape,"KSh 780,000",2015,660 CC,In Stock,Auto,Silver,Petrol,2 WD,https://www.motorhub.co.ke/detail/suzuki-alto-958,https://www.motorhub.co.ke/reserve/suzuki-alto-958
MTH2527,https://www.motorhub.co.ke/assets/images/CarPhotos/Large_f56e5a325a4eb84bcef2cc2c41e45e64_24032023093441.JPG,Toyota RAV4 New Shape {Fully Loaded},"KSh 5,800,000",2019,2000 CC,In Stock,Auto,Red,Petrol,4 WD,https://www.motorhub.co.ke/detail/toyota-rav4-957,https://www.motorhub.co.ke/reserve/toyota-rav4-957
MTH2526,https://www.motorhub.co.ke/assets/images/CarPhotos/Large_96a922141780fe3cb25e55b8dbb0721a_24032023091151.JPG,Toyota Land Cruiser V8 ZX,Request Price Below,2015,4600 CC,In Stock,Auto,Black,Petrol,4 WD,https://www.motorhub.co.ke/detail/toyota-land-cruiser-v8-956,https://www.motorhub.co.ke/reserve/toyota-land-cruiser-v8-956
MTH2525,https://www.motorhub.co.ke/assets/images/CarPhotos/Large_8219d0eef00852680e926963c2864792_23032023023711.JPG,Toyota Fortuner 2.4 GD6,"KSh 5,900,000",2017,2400 CC,In Stock,Auto,Bronze,Diesel,4 WD,https://www.motorhub.co.ke/detail/toyota-fortuner-955,https://www.motorhub.co.ke/reserve/toyota-fortuner-955
MTH2523,https://www.motorhub.co.ke/assets/images/CarPhotos/Large_55934521c4e3e19328f962a088d0fa81_09032023103852.JPG,Toyota Land Cruiser Prado TX,"KSh 6,900,000",2016,2800 CC,In Stock,Auto,White,Diesel,4 WD,https://www.motorhub.co.ke/detail/toyota-land-cruiser-prado-953,https://www.motorhub.co.ke/reserve/toyota-land-cruiser-prado-953
MTH2522,https://www.motorhub.co.ke/assets/images/CarPhotos/Large_00258001d613baf5d4d97bb19d6b71b4_09032023101618.JPG,Toyota Land Cruiser Prado TX,"KSh 6,900,000",2016,2800 CC,In Stock,Auto,White,Diesel,4 WD,https://www.motorhub.co.ke/detail/toyota-land-cruiser-prado-952,https://www.motorhub.co.ke/reserve/toyota-land-cruiser-prado-952
MTH2521,https://www.motorhub.co.ke/assets/images/CarPhotos/Large_9c3a1c4f094d1d5f9bf85f8d6ca61c82_02032023040616.JPG,Land Rover Discovery IV SDV6,Request Price Below,2015,3000 CC,In Stock,Auto,Black,Diesel,4 WD,https://www.motorhub.co.ke/detail/land-rover-discovery-951,https://www.motorhub.co.ke/reserve/land-rover-discovery-951
MTH2520,https://www.motorhub.co.ke/assets/images/CarPhotos/Large_7aabc4213de1acd0e493a5307eaf58c4_02032023035935.JPG,Subaru Outback ,"KSh 1,850,000",2013,2500 CC,In Stock,Auto,Black,Petrol,4 WD,https://www.motorhub.co.ke/detail/subaru-outback-950,https://www.motorhub.co.ke/reserve/subaru-outback-950
MTH2519,https://www.motorhub.co.ke/assets/images/CarPhotos/Large_2e84bfb2cfa94ac9ffa34b6896812ca0_02032023035503.JPG,Subaru Outback Full Spec,"KSh 3,350,000",2015,2500 CC,In Stock,Auto,Black,Petrol,4 WD,https://www.motorhub.co.ke/detail/subaru-outback-949,https://www.motorhub.co.ke/reserve/subaru-outback-949
MTH2518,https://www.motorhub.co.ke/assets/images/CarPhotos/Large_5df9ca096a0b644f1067875afee910ed_02032023031826.JPG,Subaru Outback ,"KSh 3,200,000",2015,2500 CC,In Stock,Auto,Black,Petrol,4 WD,https://www.motorhub.co.ke/detail/subaru-outback-948,https://www.motorhub.co.ke/reserve/subaru-outback-948
MTH2517,https://www.motorhub.co.ke/assets/images/CarPhotos/Large_c5196c6aa8d27b1741fce3c89cc87b06_02032023030415.JPG,Nissan Note ,"KSh 1,100,000",2015,1200 CC,In Stock,Auto,Pink,Petrol,2 WD,https://www.motorhub.co.ke/detail/nissan-note-947,https://www.motorhub.co.ke/reserve/nissan-note-947
MTH2516,https://www.motorhub.co.ke/assets/images/CarPhotos/Large_8119a78515b41d527d92cfbb616a1b84_02032023030032.JPG,Nissan March ,"KSh 860,000",2015,1200 CC,In Stock,Auto,White,Petrol,2 WD,https://www.motorhub.co.ke/detail/nissan-march-946,https://www.motorhub.co.ke/reserve/nissan-march-946
MTH2515,https://www.motorhub.co.ke/assets/images/CarPhotos/Large_4c8c9b442f93018c06183f0e0b7570fc_02032023013902.JPG,Land Rover Discovery IV HSE LUXURY,"KSh 5,200,000",2014,3000 CC,In Stock,Auto,Black,Diesel,4 WD,https://www.motorhub.co.ke/detail/land-rover-discovery-945,https://www.motorhub.co.ke/reserve/land-rover-discovery-945
MTH2513,https://www.motorhub.co.ke/assets/images/CarPhotos/Large_9abff3b65912f67f751ed0334a6363dd_02032023125755.JPG,Mitsubishi Outlander ,"KSh 3,550,000",2015,2400 CC,In Stock,Auto,Black,Petrol,4 WD,https://www.motorhub.co.ke/detail/mitsubishi-outlander-943,https://www.motorhub.co.ke/reserve/mitsubishi-outlander-943
MTH2512,https://www.motorhub.co.ke/assets/images/CarPhotos/Large_b7f4467886a17d6d2c22b1b687901ee6_27022023031720.JPG,Toyota Land Cruiser Prado TX,"KSh 5,990,000",2015,2700 CC,In Stock,Auto,Bronze,Petrol,4 WD,https://www.motorhub.co.ke/detail/toyota-land-cruiser-prado-942,https://www.motorhub.co.ke/reserve/toyota-land-cruiser-prado-942
MTH2511,https://www.motorhub.co.ke/assets/images/CarPhotos/Large_f240c5d33ea2c10b43530170434c355f_27022023020252.JPG,Toyota Land Cruiser Prado TX,Request Price Below,2017,2800 CC,In Stock,Auto,Black,Diesel,4 WD,https://www.motorhub.co.ke/detail/toyota-land-cruiser-prado-941,https://www.motorhub.co.ke/reserve/toyota-land-cruiser-prado-941
MTH2510,https://www.motorhub.co.ke/assets/images/CarPhotos/Large_834845e810949822845e1d9efe991cfd_27022023013806.JPG,Toyota Land Cruiser Prado TX,Request Price Below,2017,2800 CC,In Stock,Auto,White,Diesel,4 WD,https://www.motorhub.co.ke/detail/toyota-land-cruiser-prado-940,https://www.motorhub.co.ke/reserve/toyota-land-cruiser-prado-940
MTH2509,https://www.motorhub.co.ke/assets/images/CarPhotos/Large_a6e81b0fcd8cb451bc350213f2f921de_27022023011616.JPG,Toyota Land Cruiser Prado TZ-G,"KSh 6,700,000",2015,2800 CC,In Stock,Auto,White,Diesel,4 WD,https://www.motorhub.co.ke/detail/toyota-land-cruiser-prado-939,https://www.motorhub.co.ke/reserve/toyota-land-cruiser-prado-939
MTH2508,https://www.motorhub.co.ke/assets/images/CarPhotos/Large_2d8e13129b1ee30671427377f51c5f36_27022023122943.JPG,Nissan Sylphy ,"KSh 1,450,000",2014,1800 CC,In Stock,Auto,Black,Petrol,2 WD,https://www.motorhub.co.ke/detail/nissan-sylphy-938,https://www.motorhub.co.ke/reserve/nissan-sylphy-938
MTH2507,https://www.motorhub.co.ke/assets/images/CarPhotos/Large_9b94eba9f0082351f542776491fd3830_27022023122040.JPG,Toyota Sienta ,Request Price Below,2015,1500 CC,In Stock,Auto,Purple,Petrol,2 WD,https://www.motorhub.co.ke/detail/toyota-sienta-937,https://www.motorhub.co.ke/reserve/toyota-sienta-937
MTH2506,https://www.motorhub.co.ke/assets/images/CarPhotos/Large_ac518ffbb3ab4a24bbbc17b2b5f554a8_27022023115213.JPG,Toyota Vitz Optional 4WD,Request Price Below,2015,1300 CC,In Stock,Auto,White,Petrol,4 WD,https://www.motorhub.co.ke/detail/toyota-vitz-936,https://www.motorhub.co.ke/reserve/toyota-vitz-936
MTH2505,https://www.motorhub.co.ke/assets/images/CarPhotos/Large_b580e95855c6799156b47656b33ebd05_24022023034607.jpeg,Land Rover Discovery IV Landmark Edition,"KSh 6,900,000",2016,3000 CC,Shipping,Auto,Copper Brown,Diesel,4 WD,https://www.motorhub.co.ke/detail/land-rover-discovery-935,https://www.motorhub.co.ke/reserve/land-rover-discovery-935
MTH2504,https://www.motorhub.co.ke/assets/images/CarPhotos/Large_b600aa8fc85165caa23f6242ec0db772_24022023030208.jpeg,Land Rover Range Rover Autobiography,"KSh 19,900,000",2018,3000 CC,Shipping,Auto,Grey,Diesel,4 WD,https://www.motorhub.co.ke/detail/land-rover-range-rover-934,https://www.motorhub.co.ke/reserve/land-rover-range-rover-934
MTH2503,https://www.motorhub.co.ke/assets/images/CarPhotos/Large_c0c34856621b4636112d5901919c0911_23022023023324.jpeg,Land Rover Defender Supercharged V8 L663,Request Price Below,2022,5000 CC,Shipping,Auto,Grey,Petrol,4 WD,https://www.motorhub.co.ke/detail/land-rover-defender-933,https://www.motorhub.co.ke/reserve/land-rover-defender-933
MTH2502,https://www.motorhub.co.ke/assets/images/CarPhotos/Large_18f58258c08d0f0607cb61f211de4bb5_23022023124904.JPG,Land Rover Range Rover Vogue,"KSh 18,900,000",2018,3000 CC,In Stock,Auto,Gold,Diesel,4 WD,https://www.motorhub.co.ke/detail/land-rover-range-rover-932,https://www.motorhub.co.ke/reserve/land-rover-range-rover-932
MTH2500,https://www.motorhub.co.ke/assets/images/CarPhotos/Large_56937112fc8b09a097288eab079690f5_20022023120640.JPG,Subaru Forester ,"KSh 2,920,000",2015,2000 CC,In Stock,Auto,Red,Petrol,4 WD,https://www.motorhub.co.ke/detail/subaru-forester-930,https://www.motorhub.co.ke/reserve/subaru-forester-930
MTH2499,https://www.motorhub.co.ke/assets/images/CarPhotos/Large_bad8f3f248df2ae88cb850aadd005b48_17022023023031.JPG,Toyota Hilux Vigo Champ E Grade (Offroader),Request Price Below,2014,3000 CC,In Stock,Auto,White,Diesel,4 WD,https://www.motorhub.co.ke/detail/toyota-hilux-929,https://www.motorhub.co.ke/reserve/toyota-hilux-929
MTH2498,https://www.motorhub.co.ke/assets/images/CarPhotos/Large_ee37a14573ada513675ae2962d64fc17_17022023021910.JPG,Land Rover Discovery IV HSE SDV6,"KSh 6,650,000",2015,3000 CC,In Stock,Auto,Grey,Diesel,4 WD,https://www.motorhub.co.ke/detail/land-rover-discovery-928,https://www.motorhub.co.ke/reserve/land-rover-discovery-928
MTH2497,https://www.motorhub.co.ke/assets/images/CarPhotos/Large_41e6e30876d956fb04e9284a070b09f9_17022023020946.JPG,Subaru Forester ,"KSh 2,950,000",2015,2000 CC,In Stock,Auto,Black,Petrol,4 WD,https://www.motorhub.co.ke/detail/subaru-forester-927,https://www.motorhub.co.ke/reserve/subaru-forester-927
MTH2496,https://www.motorhub.co.ke/assets/images/CarPhotos/Large_582a46b8757acdf41b0d3f3594e4fe9c_17022023020244.JPG,Nissan Xtrail ,Request Price Below,2016,2000 CC,In Stock,Auto,Silver,Petrol,4 WD,https://www.motorhub.co.ke/detail/nissan-xtrail-926,https://www.motorhub.co.ke/reserve/nissan-xtrail-926
MTH2495,https://www.motorhub.co.ke/assets/images/CarPhotos/Large_c8ba5cb35c78a24c05534198f97836e6_17022023010229.JPG,Nissan Xtrail ,Request Price Below,2015,2000 CC,In Stock,Auto,Black,Petrol,4 WD,https://www.motorhub.co.ke/detail/nissan-xtrail-925,https://www.motorhub.co.ke/reserve/nissan-xtrail-925
MTH2494,https://www.motorhub.co.ke/assets/images/CarPhotos/Large_b74d7bfec6a75fbacfbce7a16b9bbe64_17022023125629.JPG,Ford Ranger 3.2L Duratorq,Request Price Below,2015,3200 CC,In Stock,Auto,Black,Diesel,4 WD,https://www.motorhub.co.ke/detail/ford-ranger-924,https://www.motorhub.co.ke/reserve/ford-ranger-924
MTH2492,https://www.motorhub.co.ke/assets/images/CarPhotos/Large_f595b1a2af3f268c525f84da63c82c1d_17022023122131.JPG,Toyota Land Cruiser Prado TX,"KSh 8,200,000",2019,2700 CC,In Stock,Auto,Dark Grey,Petrol,4 WD,https://www.motorhub.co.ke/detail/toyota-land-cruiser-prado-922,https://www.motorhub.co.ke/reserve/toyota-land-cruiser-prado-922
MTH2491,https://www.motorhub.co.ke/assets/images/CarPhotos/Large_aa26403a0ecf110036533588d7ff1f28_17022023102432.JPG,Honda Stepwagon New Shape,"KSh 2,050,000",2015,2000 CC,In Stock,Auto,White,Petrol,2 WD,https://www.motorhub.co.ke/detail/honda-stepwagon-921,https://www.motorhub.co.ke/reserve/honda-stepwagon-921
MTH2490,https://www.motorhub.co.ke/assets/images/CarPhotos/Large_258d6e606b33d6c30d01010b10187841_17022023101505.JPG,Toyota Noah New Shape,Request Price Below,2014,2000 CC,In Stock,Auto,Black,Petrol,2 WD,https://www.motorhub.co.ke/detail/toyota-noah-920,https://www.motorhub.co.ke/reserve/toyota-noah-920
MTH2489,https://www.motorhub.co.ke/assets/images/CarPhotos/Large_6833447bd432315f366b0e95c75ee856_17022023095209.JPG,Suzuki Swift ,"KSh 1,150,000",2015,1500 CC,In Stock,Auto,Black,Petrol,2 WD,https://www.motorhub.co.ke/detail/suzuki-swift-919,https://www.motorhub.co.ke/reserve/suzuki-swift-919
MTH2488,https://www.motorhub.co.ke/assets/images/CarPhotos/Large_f7a289595c926db73af012e646920ac1_17022023094423.JPG,Toyota Fielder G Grade,SOLD,2015,1500 CC,In Stock,Auto,Blue,Petrol,2 WD,https://www.motorhub.co.ke/detail/toyota-fielder-918,https://www.motorhub.co.ke/reserve/toyota-fielder-918
MTH2487,https://www.motorhub.co.ke/assets/images/CarPhotos/Large_ba74cb82387d1962c044b5661caedb48_16022023055958.JPG,Mitsubishi Pajero EXCEED,Request Price Below,2015,3000 CC,In Stock,Auto,Black,Petrol,4 WD,https://www.motorhub.co.ke/detail/mitsubishi-pajero-917,https://www.motorhub.co.ke/reserve/mitsubishi-pajero-917
MTH2486,https://www.motorhub.co.ke/assets/images/CarPhotos/Large_6b98a9b7bba26d885f05ee4af6226e5e_16022023054839.JPG,Mitsubishi Pajero DI-D EXCEED,"KSh 3,400,000",2014,3200 CC,In Stock,Auto,Black,Diesel,4 WD,https://www.motorhub.co.ke/detail/mitsubishi-pajero-916,https://www.motorhub.co.ke/reserve/mitsubishi-pajero-916
MTH2485,https://www.motorhub.co.ke/assets/images/CarPhotos/Large_28e3f6a9d7411a70854913ea0eebf682_16022023050201.JPG,Volkswagen Touareg V6 TDI Bluemotion,"KSh 5,800,000",2016,3000 CC,In Stock,Auto,Silver,Diesel,4 WD,https://www.motorhub.co.ke/detail/volkswagen-touareg-915,https://www.motorhub.co.ke/reserve/volkswagen-touareg-915
MTH2484,https://www.motorhub.co.ke/assets/images/CarPhotos/Large_12c40dd3126c338fc2299726e531e607_16022023045544.jpeg,Mercedes-Benz G-Class GLE350D,Request Price Below,2015,3000 CC,Shipping,Auto,Black,Diesel,4 WD,https://www.motorhub.co.ke/detail/mercedes-benz-g-class-914,https://www.motorhub.co.ke/reserve/mercedes-benz-g-class-914
MTH2483,https://www.motorhub.co.ke/assets/images/CarPhotos/Large_ab0f8bd742e503821e49242421db8f6c_16022023025313.jpeg,Volvo XC60 T5 AWD (New Shape),"KSh 6,600,000",2017,2000 CC,Shipping,Auto,Brown,Petrol,4 WD,https://www.motorhub.co.ke/detail/volvo-xc60-913,https://www.motorhub.co.ke/reserve/volvo-xc60-913
MTH2482,https://www.motorhub.co.ke/assets/images/CarPhotos/Large_10ad6759f759f89a0b5b8f609e8cdb26_16022023095513.JPG,Jeep Grand Cherokee 4X4,"KSh 4,000,000",2012,3600 CC,In Stock,Auto,Black,Petrol,4 WD,https://www.motorhub.co.ke/detail/jeep-grand-cherokee-912,https://www.motorhub.co.ke/reserve/jeep-grand-cherokee-912
MTH2481,https://www.motorhub.co.ke/assets/images/CarPhotos/Large_1629ae7a718e394f36bad4720d223c01_16022023093551.JPG,Toyota Harrier ,"KSh 3,800,000",2015,2000 CC,In Stock,Auto,Purple,Petrol,2 WD,https://www.motorhub.co.ke/detail/toyota-harrier-911,https://www.motorhub.co.ke/reserve/toyota-harrier-911
MTH2480,https://www.motorhub.co.ke/assets/images/CarPhotos/Large_25088b2c01e27b8335209ea3f7d098ea_14022023030504.jpeg,Land Rover Discovery IV SDV6,"KSh 6,500,000",2016,3000 CC,Shipping,Auto,Black,Diesel,4 WD,https://www.motorhub.co.ke/detail/land-rover-discovery-910,https://www.motorhub.co.ke/reserve/land-rover-discovery-910
MTH2479,https://www.motorhub.co.ke/assets/images/CarPhotos/Large_dbf47c331abc99263c4890c5614d2925_13022023055038.jpeg,Honda Vezel Hybrid,"KSh 2,750,000",2016,1500 CC,Shipping,Auto,Red,Petrol,2 WD,https://www.motorhub.co.ke/detail/honda-vezel-909,https://www.motorhub.co.ke/reserve/honda-vezel-909
MTH2478,https://www.motorhub.co.ke/assets/images/CarPhotos/Large_5d0eb2769feb153ad1197e9c3ead2516_13022023052453.jpeg,Mitsubishi Pajero EXCEED,"KSh 5,300,000",2016,3000 CC,Shipping,Auto,Gold / Green,Petrol,4 WD,https://www.motorhub.co.ke/detail/mitsubishi-pajero-908,https://www.motorhub.co.ke/reserve/mitsubishi-pajero-908
MTH2477,https://www.motorhub.co.ke/assets/images/CarPhotos/Large_c061a79da3f94e08fd6bed16d070673e_13022023123446.jpeg,Porsche Cayenne V6,Sold,2016,3000 CC,Shipping,Auto,Black,Diesel,4 WD,https://www.motorhub.co.ke/detail/porsche-cayenne-907,https://www.motorhub.co.ke/reserve/porsche-cayenne-907
MTH2476,https://www.motorhub.co.ke/assets/images/CarPhotos/Large_3ce8eafe38c35d34c0b78a5a07ff0c3b_13022023092305.jpeg,Lexus LX570 ,"KSh 14,800,000",2016,5700 CC,Shipping,Auto,White,Petrol,4 WD,https://www.motorhub.co.ke/detail/lexus-lx570-906,https://www.motorhub.co.ke/reserve/lexus-lx570-906
MTH2475,https://www.motorhub.co.ke/assets/images/CarPhotos/Large_ba555d1f1d829a4542135dad79ecd504_07022023063500.JPG,Toyota Land Cruiser 79 Series Hardtop,"KSh 2,850,000",2014,4200 CC,In Stock,Manual,White,Diesel,4 WD,https://www.motorhub.co.ke/detail/toyota-land-cruiser-79-series-905,https://www.motorhub.co.ke/reserve/toyota-land-cruiser-79-series-905
MTH2474,https://www.motorhub.co.ke/assets/images/CarPhotos/Large_00eef27e4b8ecb4d464d26936c1d8871_07022023062047.JPG,Subaru Forester New Shape,"KSh 3,250,000",2015,2000 CC,In Stock,Auto,Green,Petrol,4 WD,https://www.motorhub.co.ke/detail/subaru-forester-904,https://www.motorhub.co.ke/reserve/subaru-forester-904
MTH2473,https://www.motorhub.co.ke/assets/images/CarPhotos/Large_8c88e70f333d135c7c37026e107ca33b_07022023060410.JPG,Subaru Forester XT,"KSh 3,250,000",2015,2000 CC,In Stock,Auto,Green,Petrol,4 WD,https://www.motorhub.co.ke/detail/subaru-forester-903,https://www.motorhub.co.ke/reserve/subaru-forester-903
MTH2471,https://www.motorhub.co.ke/assets/images/CarPhotos/Large_965a642bd90e7332696197dffaacd2d7_06022023015119.JPG,Toyota Land Cruiser V8 ZX,"KSh 8,500,000",2014,4600 CC,In Stock,Auto,White,Petrol,4 WD,https://www.motorhub.co.ke/detail/toyota-land-cruiser-v8-901,https://www.motorhub.co.ke/reserve/toyota-land-cruiser-v8-901
MTH2470,https://www.motorhub.co.ke/assets/images/CarPhotos/Large_540d00ac666a5b49c909ecc9e766a3d1_06022023011028.JPG,Subaru Forester XT STI,"KSh 3,250,000",2015,2000 CC,In Stock,Auto,Black,Petrol,4 WD,https://www.motorhub.co.ke/detail/subaru-forester-900,https://www.motorhub.co.ke/reserve/subaru-forester-900
MTH2469,https://www.motorhub.co.ke/assets/images/CarPhotos/Large_774a3b76acd1b371f00bfa927ee9cd46_06022023123143.JPG,Toyota Land Cruiser Prado TZ.G,"KSh 7,200,000",2015,2800 CC,In Stock,Auto,White,Diesel,4 WD,https://www.motorhub.co.ke/detail/toyota-land-cruiser-prado-899,https://www.motorhub.co.ke/reserve/toyota-land-cruiser-prado-899
MTH2468,https://www.motorhub.co.ke/assets/images/CarPhotos/Large_cbf8da3b304d11216a5f899c2eab040d_04022023125021.JPG,Toyota Vanguard 7 Seater,"KSh 1,900,000",2011,2400 CC,In Stock,Auto,Maroon,Petrol,4 WD,https://www.motorhub.co.ke/detail/toyota-vanguard-898,https://www.motorhub.co.ke/reserve/toyota-vanguard-898
MTH2467,https://www.motorhub.co.ke/assets/images/CarPhotos/Large_8a15cea2fedb563df9e127668df7fac4_04022023115919.JPG,Toyota Harrier ,"KSh 3,700,000",2015,2000 CC,Shipping,Auto,Black,Petrol,2 WD,https://www.motorhub.co.ke/detail/toyota-harrier-897,https://www.motorhub.co.ke/reserve/toyota-harrier-897
MTH2465,https://www.motorhub.co.ke/assets/images/CarPhotos/Large_3857152938f7624028d0d0e7f918b3d6_02022023121746.JPG,Volkswagen Touareg V6 TDI Bluemotion,"KSh 3,700,000",2014,3000 CC,In Stock,Auto,Silver,Diesel,4 WD,https://www.motorhub.co.ke/detail/volkswagen-touareg-895,https://www.motorhub.co.ke/reserve/volkswagen-touareg-895
MTH2464,https://www.motorhub.co.ke/assets/images/CarPhotos/Large_ba1052a54f21ce9b3c25d13311232ecd_02022023113142.JPG,Volkswagen Touareg V6 Bluemotion,"KSh 4,800,000",2014,3600 CC,In Stock,Auto,Blue,Petrol,4 WD,https://www.motorhub.co.ke/detail/volkswagen-touareg-894,https://www.motorhub.co.ke/reserve/volkswagen-touareg-894
MTH2463,https://www.motorhub.co.ke/assets/images/CarPhotos/Large_476bbc07b61b08efb3d7c0b8fe434fad_02022023111612.JPG,Mercedes-Benz G-Class GLA250 4MATIC,Request Price Below,2014,2000 CC,In Stock,Auto,Black,Petrol,4 WD,https://www.motorhub.co.ke/detail/mercedes-benz-g-class-893,https://www.motorhub.co.ke/reserve/mercedes-benz-g-class-893
MTH2462,https://www.motorhub.co.ke/assets/images/CarPhotos/Large_b1bde434320e3cdd9e101fed0ac58c34_02022023110212.JPG,Toyota Hilux Double Cab Invincible Edition,"KSh 4,100,000",2015,3000 CC,In Stock,Auto,Black,Diesel,4 WD,https://www.motorhub.co.ke/detail/toyota-hilux-892,https://www.motorhub.co.ke/reserve/toyota-hilux-892
MTH2461,https://www.motorhub.co.ke/assets/images/CarPhotos/Large_945b52c00cfffbb80f80a8c0efb963e5_02022023110035.jpeg,Porsche Cayenne V6,Sold,2016,3000 CC,Shipping,Auto,Black,Diesel,4 WD,https://www.motorhub.co.ke/detail/porsche-cayenne-891,https://www.motorhub.co.ke/reserve/porsche-cayenne-891
MTH2460,https://www.motorhub.co.ke/assets/images/CarPhotos/Large_8b234a800c5c0648378943dc14e2464b_02022023104822.JPG,Mazda Demio ,Request Price Below,2015,1300 CC,In Stock,Auto,White,Petrol,2 WD,https://www.motorhub.co.ke/detail/mazda-demio-890,https://www.motorhub.co.ke/reserve/mazda-demio-890
MTH2459,https://www.motorhub.co.ke/assets/images/CarPhotos/Large_bd217b2633e04958f322ad266f8b136a_02022023103753.JPG,Mercedes-Benz C-Class C200,Request Price Below,2015,2000 CC,In Stock,Auto,Black,Petrol,2 WD,https://www.motorhub.co.ke/detail/mercedes-benz-c-class-889,https://www.motorhub.co.ke/reserve/mercedes-benz-c-class-889
MTH2458,https://www.motorhub.co.ke/assets/images/CarPhotos/Large_e419f23c2ae4e384f379cdfd5712fb77_02022023103133.JPG,Daihatsu Mira ,"KSh 780,000",2015,660 CC,In Stock,Auto,White,Petrol,2 WD,https://www.motorhub.co.ke/detail/daihatsu-mira-888,https://www.motorhub.co.ke/reserve/daihatsu-mira-888
MTH2457,https://www.motorhub.co.ke/assets/images/CarPhotos/Large_aa6bccda7ed0405473b57b8581f6ad74_02022023102501.JPG,Volkswagen Polo TSI Bluemotion,"KSh 1,650,000",2015,1200 CC,In Stock,Auto,Red,Petrol,2 WD,https://www.motorhub.co.ke/detail/volkswagen-polo-887,https://www.motorhub.co.ke/reserve/volkswagen-polo-887
MTH2456,https://www.motorhub.co.ke/assets/images/CarPhotos/Large_7b5a0dec17ce3607d93ff6b9bc98641b_30012023010928.JPG,Toyota Land Cruiser Prado TX,"KSh 4,600,000",2015,2700 CC,In Stock,Auto,Black,Petrol,4 WD,https://www.motorhub.co.ke/detail/toyota-land-cruiser-prado-886,https://www.motorhub.co.ke/reserve/toyota-land-cruiser-prado-886
MTH2454,https://www.motorhub.co.ke/assets/images/CarPhotos/Large_a65eb3fa9ff4172e7fb84a5ca977fd16_28012023035620.JPG,Lexus RX200T ,"KSh 6,800,000",2016,2000 CC,In Stock,Auto,Silver,Petrol,4 WD,https://www.motorhub.co.ke/detail/lexus-rx200t-884,https://www.motorhub.co.ke/reserve/lexus-rx200t-884
MTH2451,https://www.motorhub.co.ke/assets/images/CarPhotos/Large_dd63da550543305c7adbea146c53feaa_27012023104037.JPG,Mercedes-Benz C-Class C200,Request Price Below,2015,2000 CC,In Stock,Auto,Black,Petrol,2 WD,https://www.motorhub.co.ke/detail/mercedes-benz-c-class-881,https://www.motorhub.co.ke/reserve/mercedes-benz-c-class-881
MTH2450,https://www.motorhub.co.ke/assets/images/CarPhotos/Large_c7731cd9798f635769efe1c850c74893_27012023102730.JPG,Toyota Harrier GS Elegance,Request Price Below,2015,2000 CC,In Stock,Auto,Black,Petrol,2 WD,https://www.motorhub.co.ke/detail/toyota-harrier-880,https://www.motorhub.co.ke/reserve/toyota-harrier-880
MTH2449,https://www.motorhub.co.ke/assets/images/CarPhotos/Large_0ab0e8ecf4636a844556321f410b7b6e_27012023093525.JPG,Audi A8 L 3.0 V6 TDI Quattro,"KSh 5,500,000",2015,3000 CC,In Stock,Auto,Dark Grey,Diesel,4 WD,https://www.motorhub.co.ke/detail/audi-a8-l-879,https://www.motorhub.co.ke/reserve/audi-a8-l-879
MTH2448,https://www.motorhub.co.ke/assets/images/CarPhotos/Large_fcd9b2d3b02c913e62c462a25382131b_25012023024937.JPG,Toyota Auris ,"KSh 1,850,000",2017,1500 CC,In Stock,Auto,Black,Petrol,2 WD,https://www.motorhub.co.ke/detail/toyota-auris-878,https://www.motorhub.co.ke/reserve/toyota-auris-878
MTH2447,https://www.motorhub.co.ke/assets/images/CarPhotos/Large_aa5b8a4fc7d12d8b25a59c83437a272d_24012023061905.JPG,Lexus NX200T ,"KSh 5,300,000",2015,2000 CC,In Stock,Auto,Grey,Petrol,4 WD,https://www.motorhub.co.ke/detail/lexus-nx200t-877,https://www.motorhub.co.ke/reserve/lexus-nx200t-877
MTH2446,https://www.motorhub.co.ke/assets/images/CarPhotos/Large_ec14c0008fae9e764b8ef184d7f1de90_24012023060319.JPG,Lexus NX300H Hybrid F-Sport,"KSh 5,800,000",2015,2000 CC,In Stock,Auto,Grey,Petrol,2 WD,https://www.motorhub.co.ke/detail/lexus-nx300h-876,https://www.motorhub.co.ke/reserve/lexus-nx300h-876
MTH2445,https://www.motorhub.co.ke/assets/images/CarPhotos/Large_0f85f5bbf5529d178668b39521b0cc2c_24012023054440.JPG,Mercedes-Benz C-Class C200,Request Price Below,2015,2000 CC,In Stock,Auto,White,Petrol,2 WD,https://www.motorhub.co.ke/detail/mercedes-benz-c-class-875,https://www.motorhub.co.ke/reserve/mercedes-benz-c-class-875
MTH2444,https://www.motorhub.co.ke/assets/images/CarPhotos/Large_8b49260ee3869d03ba42d40deb9874fd_24012023053843.JPG,Toyota Probox ,"KSh 1,160,000",2015,1500 CC,In Stock,Auto,Silver,Petrol,2 WD,https://www.motorhub.co.ke/detail/toyota-probox-874,https://www.motorhub.co.ke/reserve/toyota-probox-874
MTH2443,https://www.motorhub.co.ke/assets/images/CarPhotos/Large_81d3cac5f9a60580bba4513936ec8eba_24012023052852.JPG,Toyota Harrier ,"KSh 3,100,000",2014,2000 CC,In Stock,Auto,White,Petrol,2 WD,https://www.motorhub.co.ke/detail/toyota-harrier-873,https://www.motorhub.co.ke/reserve/toyota-harrier-873
MTH2442,https://www.motorhub.co.ke/assets/images/CarPhotos/Large_0470c6a1027454233d6ea2b6f82fd4ed_24012023052105.JPG,Toyota Harrier ,Request Price Below,2014,2000 CC,In Stock,Auto,White,Petrol,2 WD,https://www.motorhub.co.ke/detail/toyota-harrier-872,https://www.motorhub.co.ke/reserve/toyota-harrier-872
MTH2441,https://www.motorhub.co.ke/assets/images/CarPhotos/Large_25fb7d0e4fffcfe255776ef6e9753144_24012023051142.JPG,Audi Q5 S Line Quattro,"KSh 4,200,000",2015,2000 CC,In Stock,Auto,Black,Petrol,4 WD,https://www.motorhub.co.ke/detail/audi-q5-871,https://www.motorhub.co.ke/reserve/audi-q5-871
MTH2439,https://www.motorhub.co.ke/assets/images/CarPhotos/Large_c65726485b341d938b86e85a3392829e_19012023032855.JPG,Toyota Harrier GS Elegance,Request Price Below,2015,2000 CC,In Stock,Auto,Silver,Petrol,2 WD,https://www.motorhub.co.ke/detail/toyota-harrier-869,https://www.motorhub.co.ke/reserve/toyota-harrier-869
MTH2438,https://www.motorhub.co.ke/assets/images/CarPhotos/Large_0d165415185413d07c965012cc0e2c0a_19012023032219.JPG,Land Rover Range Rover V8 Supercharged,"KSh 3,300,000",2006,4200 CC,In Stock,Auto,Red,Petrol,4 WD,https://www.motorhub.co.ke/detail/land-rover-range-rover-868,https://www.motorhub.co.ke/reserve/land-rover-range-rover-868
MTH2437,https://www.motorhub.co.ke/assets/images/CarPhotos/Large_09dc9ac6b2e4624dbfe45a736624658e_18012023101339.JPG,Toyota Land Cruiser 79 Series Hardtop V8,"KSh 3,700,000",2009,4500 CC,In Stock,Manual,White,Diesel,4 WD,https://www.motorhub.co.ke/detail/toyota-land-cruiser-79-series-867,https://www.motorhub.co.ke/reserve/toyota-land-cruiser-79-series-867
MTH2435,https://www.motorhub.co.ke/assets/images/CarPhotos/Large_12c8dba6c3eb2f1df80977454b15ca0f_16012023053016.JPG,Nissan Tiida Hatchback,"KSh 780,000",2012,1500 CC,In Stock,Auto,Gold,Petrol,2 WD,https://www.motorhub.co.ke/detail/nissan-tiida-865,https://www.motorhub.co.ke/reserve/nissan-tiida-865
MTH2434,https://www.motorhub.co.ke/assets/images/CarPhotos/Large_edb8349cf33ee5c33a490c98474d2dcd_16012023052716.JPG,Nissan Latio ,"KSh 1,250,000",2014,1500 CC,In Stock,Auto,White,Petrol,2 WD,https://www.motorhub.co.ke/detail/nissan-latio-864,https://www.motorhub.co.ke/reserve/nissan-latio-864
MTH2433,https://www.motorhub.co.ke/assets/images/CarPhotos/Large_bd666f2857a9a562649348693f5c7f5a_16012023085623.JPG,Toyota Hilux Revo G-Grade,"KSh 5,900,000",2017,2800 CC,In Stock,Auto,Silver,Diesel,4 WD,https://www.motorhub.co.ke/detail/toyota-hilux-863,https://www.motorhub.co.ke/reserve/toyota-hilux-863
MTH2431,https://www.motorhub.co.ke/assets/images/CarPhotos/Large_4518cdd7c555894aafd4c4d7a0f7f84e_15012023095618.JPG,Volkswagen Tiguan TSI,"KSh 3,100,000",2015,1400 CC,In Stock,Auto,White,Petrol,2 WD,https://www.motorhub.co.ke/detail/volkswagen-tiguan-861,https://www.motorhub.co.ke/reserve/volkswagen-tiguan-861
MTH2428,https://www.motorhub.co.ke/assets/images/CarPhotos/Large_1e18dfd4272a984a246bab22faac3581_13012023074923.JPG,Mazda CX-5 ,Request Price Below,2015,2200 CC,In Stock,Auto,White,Diesel,2 WD,https://www.motorhub.co.ke/detail/mazda-cx-5-858,https://www.motorhub.co.ke/reserve/mazda-cx-5-858
MTH2427,https://www.motorhub.co.ke/assets/images/CarPhotos/Large_bdcd7e4fb16c50fec40b196384351b7d_13012023072818.JPG,Mazda CX-5 ,Request Price Below,2015,2200 CC,In Stock,Auto,Black,Diesel,2 WD,https://www.motorhub.co.ke/detail/mazda-cx-5-857,https://www.motorhub.co.ke/reserve/mazda-cx-5-857
MTH2426,https://www.motorhub.co.ke/assets/images/CarPhotos/Large_e6243e8aa374147da42543ac29c1ce73_13012023072304.JPG,Mazda CX-5 New Generation,Request Price Below,2017,2200 CC,In Stock,Auto,Black,Diesel,2 WD,https://www.motorhub.co.ke/detail/mazda-cx-5-856,https://www.motorhub.co.ke/reserve/mazda-cx-5-856
MTH2424,https://www.motorhub.co.ke/assets/images/CarPhotos/Large_991f1ff9a3691b2881bc6a570e3719f8_13012023070350.JPG,Nissan Xtrail (ROGUE) SL,"KSh 2,550,000",2015,2000 CC,In Stock,Auto,Black,Petrol,4 WD,https://www.motorhub.co.ke/detail/nissan-xtrail-854,https://www.motorhub.co.ke/reserve/nissan-xtrail-854
MTH2423,https://www.motorhub.co.ke/assets/images/CarPhotos/Large_07952f994ac82f0450aedd409ebf7e37_13012023065703.JPG,Mazda Atenza Hatchback,"KSh 2,100,000",2015,2000 CC,In Stock,Auto,Blue,Petrol,2 WD,https://www.motorhub.co.ke/detail/mazda-atenza-853,https://www.motorhub.co.ke/reserve/mazda-atenza-853
MTH2422,https://www.motorhub.co.ke/assets/images/CarPhotos/Large_d6c6293c1274a3cc97c5ad56a4539ebd_13012023064950.JPG,Mazda Axela Sedan,Request Price Below,2015,1500 CC,In Stock,Auto,Black,Petrol,2 WD,https://www.motorhub.co.ke/detail/mazda-axela-852,https://www.motorhub.co.ke/reserve/mazda-axela-852
MTH2420,https://www.motorhub.co.ke/assets/images/CarPhotos/Large_76fa407a1e56eadc22535788cd2debeb_13012023063419.JPG,Nissan Xtrail Pure Drive,Request Price Below,2014,2000 CC,In Stock,Auto,Red,Petrol,4 WD,https://www.motorhub.co.ke/detail/nissan-xtrail-850,https://www.motorhub.co.ke/reserve/nissan-xtrail-850
MTH2419,https://www.motorhub.co.ke/assets/images/CarPhotos/Large_812348075a4c31ec6793577f860815d2_10012023042934.JPG,Land Rover Range Rover Vogue SE TDV8,"KSh 11,700,000",2015,4400 CC,In Stock,Auto,Grey,Diesel,4 WD,https://www.motorhub.co.ke/detail/land-rover-range-rover-849,https://www.motorhub.co.ke/reserve/land-rover-range-rover-849
MTH2418,https://www.motorhub.co.ke/assets/images/CarPhotos/Large_e2a6af17bd48beabdf1e98522783aa8f_09012023010730.JPG,Toyota Harrier GS Elegance,"KSh 4,200,000",2015,2000 CC,In Stock,Auto,White,Petrol,2 WD,https://www.motorhub.co.ke/detail/toyota-harrier-848,https://www.motorhub.co.ke/reserve/toyota-harrier-848
MTH2417,https://www.motorhub.co.ke/assets/images/CarPhotos/Large_3ddbd4a3ba4c48d002bdabe84de653bb_09012023124212.JPG,Nissan Xtrail Pure Drive,"KSh 3,400,000",2018,2000 CC,In Stock,Auto,Silver,Petrol,2 WD,https://www.motorhub.co.ke/detail/nissan-xtrail-847,https://www.motorhub.co.ke/reserve/nissan-xtrail-847
MTH2416,https://www.motorhub.co.ke/assets/images/CarPhotos/Large_23d706707ae06119d7f69dd4a19e722b_06012023095053.jpg,Toyota Land Cruiser Prado TZ.G,"KSh 7,200,000",2015,2800 CC,Shipping,Auto,Black,Diesel,4 WD,https://www.motorhub.co.ke/detail/toyota-land-cruiser-prado-846,https://www.motorhub.co.ke/reserve/toyota-land-cruiser-prado-846
MTH2413,https://www.motorhub.co.ke/assets/images/CarPhotos/Large_3ff16be57ca8ae4817ba8819e46c0fca_06012023090838.JPG,Toyota Land Cruiser Prado TX,"KSh 7,200,000",2016,2800 CC,In Stock,Auto,Black,Diesel,4 WD,https://www.motorhub.co.ke/detail/toyota-land-cruiser-prado-843,https://www.motorhub.co.ke/reserve/toyota-land-cruiser-prado-843
MTH2412,https://www.motorhub.co.ke/assets/images/CarPhotos/Large_bfd917d2157f9d803a6e9d080c7d9680_06012023090157.JPG,Toyota Land Cruiser Prado TX,"KSh 6,700,000",2016,2700 CC,In Stock,Auto,White,Petrol,4 WD,https://www.motorhub.co.ke/detail/toyota-land-cruiser-prado-842,https://www.motorhub.co.ke/reserve/toyota-land-cruiser-prado-842
MTH2411,https://www.motorhub.co.ke/assets/images/CarPhotos/Large_b1a219c85813fc7a1d31a695440b506a_05012023110930.JPG,Lexus NX200T ,"KSh 4,900,000",2015,2000 CC,In Stock,Auto,Red,Petrol,2 WD,https://www.motorhub.co.ke/detail/lexus-nx200t-841,https://www.motorhub.co.ke/reserve/lexus-nx200t-841
MTH2409,https://www.motorhub.co.ke/assets/images/CarPhotos/Large_913f7bc988aaf931a0cbc7f3309a90aa_29122022040832.JPG,Mercedes-Benz C-Class C200 AMG,"KSh 4,050,000",2015,2000 CC,In Stock,Auto,White,Petrol,2 WD,https://www.motorhub.co.ke/detail/mercedes-benz-c-class-839,https://www.motorhub.co.ke/reserve/mercedes-benz-c-class-839
MTH2408,https://www.motorhub.co.ke/assets/images/CarPhotos/Large_a599e9a036720c5483bb96344d12e4e3_29122022035142.JPG,Toyota Axio ,"KSh 1,650,000",2015,1300 CC,In Stock,Auto,White,Petrol,2 WD,https://www.motorhub.co.ke/detail/toyota-axio-838,https://www.motorhub.co.ke/reserve/toyota-axio-838
MTH2405,https://www.motorhub.co.ke/assets/images/CarPhotos/Large_6d3794fd10c21413408c646627cb0447_21122022093404.JPG,Toyota Wish ,"KSh 2,000,000",2015,1800 CC,In Stock,Auto,Black,Petrol,2 WD,https://www.motorhub.co.ke/detail/toyota-wish-835,https://www.motorhub.co.ke/reserve/toyota-wish-835
MTH2404,https://www.motorhub.co.ke/assets/images/CarPhotos/Large_16ea2861142fa70d283a8ef0bbd868f0_20122022040841.JPG,Toyota Landcruiser 300 Series Sahara,Sold,2022,3300 CC,In Stock,Auto,Black,Diesel,4 WD,https://www.motorhub.co.ke/detail/toyota-landcruiser-300-series-834,https://www.motorhub.co.ke/reserve/toyota-landcruiser-300-series-834
MTH2402,https://www.motorhub.co.ke/assets/images/CarPhotos/Large_3123bf718187446d0a0b7f826e0048b5_20122022020248.JPG,Toyota Vitz ,"KSh 1,150,000",2015,1000 CC,In Stock,Auto,Blue,Petrol,2 WD,https://www.motorhub.co.ke/detail/toyota-vitz-832,https://www.motorhub.co.ke/reserve/toyota-vitz-832
MTH2394,https://www.motorhub.co.ke/assets/images/CarPhotos/Large_67a5526d1400e8ae58f13faf7093b920_14122022093952.JPG,Mercedes-Benz CLS 400d 4Matic,"KSh 8,900,000",2018,3000 CC,In Stock,Auto,Black,Diesel,2 WD,https://www.motorhub.co.ke/detail/mercedes-benz-cls-824,https://www.motorhub.co.ke/reserve/mercedes-benz-cls-824
MTH2390,https://www.motorhub.co.ke/assets/images/CarPhotos/Large_45fa88a2f1b71322f0e540f753955f9d_07122022024454.JPG,Toyota Land Cruiser Prado TX-L,"KSh 6,100,000",2016,2800 CC,In Stock,Auto,Black,Diesel,4 WD,https://www.motorhub.co.ke/detail/toyota-land-cruiser-prado-820,https://www.motorhub.co.ke/reserve/toyota-land-cruiser-prado-820
MTH2386,https://www.motorhub.co.ke/assets/images/CarPhotos/Large_a28d33eb2b9a01ca90863b12db50bc76_06122022030807.JPG,Toyota Land Cruiser Prado TZ,"KSh 5,100,000",2014,4000 CC,In Stock,Auto,Silver,Petrol,4 WD,https://www.motorhub.co.ke/detail/toyota-land-cruiser-prado-816,https://www.motorhub.co.ke/reserve/toyota-land-cruiser-prado-816
MTH2385,https://www.motorhub.co.ke/assets/images/CarPhotos/Large_1e6917fb0840b58af31b393b4da7d26d_06122022024038.JPG,Nissan Note DIG-S,"KSh 1,100,000",2016,1200 CC,In Stock,Auto,Blue,Petrol,2 WD,https://www.motorhub.co.ke/detail/nissan-note-815,https://www.motorhub.co.ke/reserve/nissan-note-815
MTH2381,https://www.motorhub.co.ke/assets/images/CarPhotos/Large_126f713cad8343b817551d5117f0ff47_06122022010134.JPG,Toyota Aqua Hybrid,"KSh 1,250,000",2015,1500 CC,In Stock,Auto,Silver,Petrol,2 WD,https://www.motorhub.co.ke/detail/toyota-aqua-811,https://www.motorhub.co.ke/reserve/toyota-aqua-811
MTH2378,https://www.motorhub.co.ke/assets/images/CarPhotos/Large_1d7762a5d6365c622838d349888ca229_06122022115107.JPG,Toyota Hilux Double Cab Invincible 4x4,"KSh 3,000,000",2013,3000 CC,In Stock,Manual,Black,Diesel,4X4,https://www.motorhub.co.ke/detail/toyota-hilux-808,https://www.motorhub.co.ke/reserve/toyota-hilux-808
MTH2376,https://www.motorhub.co.ke/assets/images/CarPhotos/Large_2b5896c741b7913818d1cca05fc3e78e_05122022042301.JPG,Mercedes-Benz E-Class E300,"KSh 2,300,000",2009,3000 CC,In Stock,Auto,Black,Petrol,2 WD,https://www.motorhub.co.ke/detail/mercedes-benz-e-class-806,https://www.motorhub.co.ke/reserve/mercedes-benz-e-class-806
MTH2370,https://www.motorhub.co.ke/assets/images/CarPhotos/Large_09774335a388d38b62010904c84d909f_30112022032529.JPG,Toyota Land Cruiser Prado TX-L,"KSh 6,800,000",2015,2800 CC,In Stock,Auto,Black,Diesel,4 WD,https://www.motorhub.co.ke/detail/toyota-land-cruiser-prado-800,https://www.motorhub.co.ke/reserve/toyota-land-cruiser-prado-800
MTH2369,https://www.motorhub.co.ke/assets/images/CarPhotos/Large_f9c92861c1a291ea7c7ac4bd62a06c9b_30112022025247.JPG,Audi A4 Quattro AWD,"KSh 1,000,000",2011,2000 CC,In Stock,Auto,Silver,Petrol,4 WD,https://www.motorhub.co.ke/detail/audi-a4-799,https://www.motorhub.co.ke/reserve/audi-a4-799
MTH2368,https://www.motorhub.co.ke/assets/images/CarPhotos/Large_e4d9bf4b46efd677fd0413f4d9c068ff_30112022022711.JPG,Volkswagen Golf Variant,"KSh 1,850,000",2015,1200 CC,In Stock,Auto,Blue,Petrol,2 WD,https://www.motorhub.co.ke/detail/volkswagen-golf-798,https://www.motorhub.co.ke/reserve/volkswagen-golf-798
MTH2367,https://www.motorhub.co.ke/assets/images/CarPhotos/Large_9b19f55e8226b1ec3c480ff0129932cf_30112022021035.JPG,Toyota Wish ,"KSh 1,480,000",2013,1800 CC,In Stock,Auto,Black,Petrol,2 WD,https://www.motorhub.co.ke/detail/toyota-wish-797,https://www.motorhub.co.ke/reserve/toyota-wish-797
MTH2366,https://www.motorhub.co.ke/assets/images/CarPhotos/Large_0064d4aceb89035c2728881131e9f97e_30112022015649.JPG,Chevrolet Trailblazer LTZ Duramax,"KSh 3,050,000",2015,2800 CC,In Stock,Auto,Bronze,Diesel,4 WD,https://www.motorhub.co.ke/detail/chevrolet-trailblazer-796,https://www.motorhub.co.ke/reserve/chevrolet-trailblazer-796
MTH2365,https://www.motorhub.co.ke/assets/images/CarPhotos/Large_a24d046200bfb61e0760396599bc5108_30112022011917.JPG,Toyota Land Cruiser Prado TX,"KSh 5,300,000",2016,2800 CC,In Stock,Auto,Black,Diesel,4 WD,https://www.motorhub.co.ke/detail/toyota-land-cruiser-prado-795,https://www.motorhub.co.ke/reserve/toyota-land-cruiser-prado-795
MTH2364,https://www.motorhub.co.ke/assets/images/CarPhotos/Large_4db9fa0453093261f12e4fa993f33efc_30112022011513.JPG,Nissan Note Pure Drive,"KSh 1,150,000",2015,1200 CC,In Stock,Auto,White,Petrol,2 WD,https://www.motorhub.co.ke/detail/nissan-note-794,https://www.motorhub.co.ke/reserve/nissan-note-794
MTH2363,https://www.motorhub.co.ke/assets/images/CarPhotos/Large_bd6dc19874bc56aaed5fc6171c279827_30112022122932.JPG,Hino Riesse Bus ,"KSh 6,000,000",2013,4000 CC,In Stock,Auto,White,Diesel,2 WD,https://www.motorhub.co.ke/detail/hino-riesse-bus-793,https://www.motorhub.co.ke/reserve/hino-riesse-bus-793
MTH2362,https://www.motorhub.co.ke/assets/images/CarPhotos/Large_1c71f0dc99bd8113a373f7416f74fdd1_30112022122349.JPG,Subaru Impreza G4,"KSh 1,850,000",2015,2000 CC,In Stock,Auto,Blue,Petrol,4 WD,https://www.motorhub.co.ke/detail/subaru-impreza-792,https://www.motorhub.co.ke/reserve/subaru-impreza-792
MTH2360,https://www.motorhub.co.ke/assets/images/CarPhotos/Large_db48c03fd02879e9d132b50583b37072_30112022120838.JPG,Toyota Hilux Single Cab High Rider,"KSh 2,800,000",2015,2500 CC,In Stock,Manual,Silver,Petrol,4 WD,https://www.motorhub.co.ke/detail/toyota-hilux-790,https://www.motorhub.co.ke/reserve/toyota-hilux-790
MTH2359,https://www.motorhub.co.ke/assets/images/CarPhotos/Large_c6de0bc2f01eb8482e4252e46d69b992_30112022120402.JPG,Toyota Hilux Single Cab High Rider,"KSh 2,800,000",2015,2500 CC,In Stock,Manual,Silver,Petrol,4 WD,https://www.motorhub.co.ke/detail/toyota-hilux-789,https://www.motorhub.co.ke/reserve/toyota-hilux-789
MTH2358,https://www.motorhub.co.ke/assets/images/CarPhotos/Large_550f1399d0d4c876b572f501418c9b87_30112022114046.JPG,Toyota Harrier ,"KSh 2,850,000",2014,2000 CC,In Stock,Auto,Black,Petrol,2 WD,https://www.motorhub.co.ke/detail/toyota-harrier-788,https://www.motorhub.co.ke/reserve/toyota-harrier-788
MTH2356,https://www.motorhub.co.ke/assets/images/CarPhotos/Large_61565c4fae2cff9629e93ef5a433425c_30112022112001.JPG,Toyota Vitz ,"KSh 1,320,000",2015,1300 CC,In Stock,Auto,Maroon,Petrol,2 WD,https://www.motorhub.co.ke/detail/toyota-vitz-786,https://www.motorhub.co.ke/reserve/toyota-vitz-786
MTH2352,https://www.motorhub.co.ke/assets/images/CarPhotos/Large_2280a975aa90eb7c3e116f2ff608f6c0_30112022105540.JPG,Nissan Juke ,"KSh 1,700,000",2015,1500 CC,In Stock,Auto,Black,Petrol,2 WD,https://www.motorhub.co.ke/detail/nissan-juke-782,https://www.motorhub.co.ke/reserve/nissan-juke-782
MTH2351,https://www.motorhub.co.ke/assets/images/CarPhotos/Large_1216a594a267f9930af7c64b8ba7b70e_30112022103332.JPG,Toyota Probox ,"KSh 1,130,000",2015,1500 CC,In Stock,Auto,White,Petrol,2 WD,https://www.motorhub.co.ke/detail/toyota-probox-781,https://www.motorhub.co.ke/reserve/toyota-probox-781
MTH2349,https://www.motorhub.co.ke/assets/images/CarPhotos/Large_433a017289a65dd854fd26ee32bd55cb_30112022094455.JPG,Subaru Forester ,"KSh 2,850,000",2015,2000 CC,In Stock,Auto,White,Petrol,4 WD,https://www.motorhub.co.ke/detail/subaru-forester-779,https://www.motorhub.co.ke/reserve/subaru-forester-779
MTH2348,https://www.motorhub.co.ke/assets/images/CarPhotos/Large_57c078d5cbd9dd83effd27d8d512289b_30112022094249.JPG,Mercedes-Benz C-Class C200 Kompressor,"KSh 1,650,000",2009,1800 CC,In Stock,Auto,Silver,Petrol,2 WD,https://www.motorhub.co.ke/detail/mercedes-benz-c-class-778,https://www.motorhub.co.ke/reserve/mercedes-benz-c-class-778
MTH2347,https://www.motorhub.co.ke/assets/images/CarPhotos/Large_e4655148e50e413fb89c6cc652d987e8_30112022094039.JPG,Subaru Legacy B4,"KSh 2,680,000",2015,2500 CC,In Stock,Auto,Blue,Petrol,4 WD,https://www.motorhub.co.ke/detail/subaru-legacy-777,https://www.motorhub.co.ke/reserve/subaru-legacy-777
MTH2346,https://www.motorhub.co.ke/assets/images/CarPhotos/Large_82779323b9ac731ee908d05ef7ab76c3_30112022093246.JPG,Toyota Land Cruiser Prado TX,Request Price Below,2015,2700 CC,In Stock,Auto,Bronze,Petrol,4 WD,https://www.motorhub.co.ke/detail/toyota-land-cruiser-prado-776,https://www.motorhub.co.ke/reserve/toyota-land-cruiser-prado-776
MTH2345,https://www.motorhub.co.ke/assets/images/CarPhotos/Large_8b06f006727b31fa8fcfce41a8f96bb1_30112022092410.JPG,Mercedes-Benz E-Class E250,"KSh 4,300,000",2014,2000 CC,In Stock,Auto,Pearl,Petrol,2 WD,https://www.motorhub.co.ke/detail/mercedes-benz-e-class-775,https://www.motorhub.co.ke/reserve/mercedes-benz-e-class-775
MTH2344,https://www.motorhub.co.ke/assets/images/CarPhotos/Large_8790f45600b3e5cc3845188e24897f73_30112022091141.JPG,Toyota Allion A15,"KSh 1,980,000",2016,1500 CC,In Stock,Auto,Silver,Petrol,2 WD,https://www.motorhub.co.ke/detail/toyota-allion-774,https://www.motorhub.co.ke/reserve/toyota-allion-774
MTH2342,https://www.motorhub.co.ke/assets/images/CarPhotos/Large_b348c9b0e4601d74dcb2a8527e84ea85_28112022043145.JPG,Toyota Land Cruiser Prado TZ.G,"KSh 7,200,000",2015,2800 CC,In Stock,Auto,White,Diesel,4 WD,https://www.motorhub.co.ke/detail/toyota-land-cruiser-prado-772,https://www.motorhub.co.ke/reserve/toyota-land-cruiser-prado-772
MTH2340,https://www.motorhub.co.ke/assets/images/CarPhotos/Large_2182977ff76217acd8d8232c9afd2efc_28112022042214.JPG,Toyota Land Cruiser Prado TZ.G,"KSh 6,900,000",2015,2800 CC,In Stock,Auto,White,Diesel,4 WD,https://www.motorhub.co.ke/detail/toyota-land-cruiser-prado-770,https://www.motorhub.co.ke/reserve/toyota-land-cruiser-prado-770
MTH2337,https://www.motorhub.co.ke/assets/images/CarPhotos/Large_f51fdf4be41d4fa02d1fe616a78d8ab6_23112022024409.JPG,Mercedes-Benz M-Class ML350,"KSh 6,300,000",2015,3000 CC,In Stock,Auto,Black,Diesel,4 WD,https://www.motorhub.co.ke/detail/mercedes-benz-m-class-767,https://www.motorhub.co.ke/reserve/mercedes-benz-m-class-767
MTH2336,https://www.motorhub.co.ke/assets/images/CarPhotos/Large_b65266b5b2f30dc9cd6552c0709e18ec_23112022012921.JPG,Mercedes-Benz G-Class G63,"KSh 14,500,000",2013,5500 CC,In Stock,Auto,Grey,Petrol,4 WD,https://www.motorhub.co.ke/detail/mercedes-benz-g-class-766,https://www.motorhub.co.ke/reserve/mercedes-benz-g-class-766
MTH2333,https://www.motorhub.co.ke/assets/images/CarPhotos/Large_ffa55a1f5faa20df2d1bb0d38fd7ff11_23112022114550.JPG,Daihatsu Mira ,"KSh 760,000",2015,660 CC,In Stock,Auto,White,Petrol,2 WD,https://www.motorhub.co.ke/detail/daihatsu-mira-763,https://www.motorhub.co.ke/reserve/daihatsu-mira-763
MTH2332,https://www.motorhub.co.ke/assets/images/CarPhotos/Large_85773bbb014871809318aa729d7dbfda_22112022052113.JPG,Mercedes-Benz G-Class GLC250,"KSh 6,100,000",2016,2000 CC,In Stock,Auto,Pearl,Petrol,4 WD,https://www.motorhub.co.ke/detail/mercedes-benz-g-class-762,https://www.motorhub.co.ke/reserve/mercedes-benz-g-class-762
MTH2331,https://www.motorhub.co.ke/assets/images/CarPhotos/Large_846a9aaeb522cd01ca9acfd6e21e7ed4_22112022023822.JPG,Audi SQ5 V6 Turbochaged,"KSh 5,300,000",2015,3000 CC,In Stock,Auto,White,Petrol,4 WD,https://www.motorhub.co.ke/detail/audi-sq5-761,https://www.motorhub.co.ke/reserve/audi-sq5-761
MTH2330,https://www.motorhub.co.ke/assets/images/CarPhotos/Large_f8fb5265ab9d577cce85c78f5d392864_22112022023220.JPG,Volkswagen Golf R MK7,"KSh 4,200,000",2015,2000 CC,In Stock,Auto,Blue,Petrol,4 WD,https://www.motorhub.co.ke/detail/volkswagen-golf-760,https://www.motorhub.co.ke/reserve/volkswagen-golf-760
MTH2329,https://www.motorhub.co.ke/assets/images/CarPhotos/Large_8a70bb2b1e1b738a2220e1030638d8f7_22112022114945.JPG,Mitsubishi Pajero DI-D SUPER EXCEED,"KSh 4,800,000",2015,3200 CC,In Stock,Auto,White,Diesel,4 WD,https://www.motorhub.co.ke/detail/mitsubishi-pajero-759,https://www.motorhub.co.ke/reserve/mitsubishi-pajero-759
MTH2326,https://www.motorhub.co.ke/assets/images/CarPhotos/Large_cf3e560863a085457e864ae90b5a567f_21112022024357.JPG,Honda Vezel ,"KSh 2,650,000",2015,1500 CC,In Stock,Auto,Black,Petrol,2 WD,https://www.motorhub.co.ke/detail/honda-vezel-756,https://www.motorhub.co.ke/reserve/honda-vezel-756
MTH2325,https://www.motorhub.co.ke/assets/images/CarPhotos/Large_a6c8bd578726476f1e28abc1b2e55be4_21112022023709.JPG,Mazda CX-5 AWD,"KSh 2,750,000",2015,2500 CC,In Stock,Auto,White,Petrol,4 WD,https://www.motorhub.co.ke/detail/mazda-cx-5-755,https://www.motorhub.co.ke/reserve/mazda-cx-5-755
MTH2324,https://www.motorhub.co.ke/assets/images/CarPhotos/Large_616f51b2204602eaf0d600b785a582be_21112022023326.JPG,Lexus NX200T F-Sport,"KSh 4,700,000",2015,2000 CC,In Stock,Auto,Black,Petrol,2 WD,https://www.motorhub.co.ke/detail/lexus-nx200t-754,https://www.motorhub.co.ke/reserve/lexus-nx200t-754
MTH2321,https://www.motorhub.co.ke/assets/images/CarPhotos/Large_5a8701174df45e461103480aa2ff7fec_21112022022122.JPG,Subaru Impreza ,"KSh 1,750,000",2015,1600 CC,In Stock,Auto,White,Petrol,4 WD,https://www.motorhub.co.ke/detail/subaru-impreza-751,https://www.motorhub.co.ke/reserve/subaru-impreza-751
MTH2317,https://www.motorhub.co.ke/assets/images/CarPhotos/Large_c16715db296d6946b604916b306336ba_09112022092229.JPG,Mercedes-Benz Sprinter 314 CDI,"KSh 5,500,000",2016,2143 CC,In Stock,Auto,White,Diesel,2 WD,https://www.motorhub.co.ke/detail/mercedes-benz-sprinter-747,https://www.motorhub.co.ke/reserve/mercedes-benz-sprinter-747
MTH2316,https://www.motorhub.co.ke/assets/images/CarPhotos/Large_c4fa7a2df986316e11cae47fbae0fae0_08112022112942.JPG,Mercedes-Benz S-Class S400 Hybrid,"KSh 6,900,000",2015,3500 CC,In Stock,Auto,Blue,Petrol,2 WD,https://www.motorhub.co.ke/detail/mercedes-benz-s-class-746,https://www.motorhub.co.ke/reserve/mercedes-benz-s-class-746
MTH2315,https://www.motorhub.co.ke/assets/images/CarPhotos/Large_2c30279c057766fa5d99289bea9b7a40_05112022010158.JPG,Toyota RAV4 New Shape,"KSh 5,800,000",2019,2000 CC,In Stock,Auto,White,Petrol,4 WD,https://www.motorhub.co.ke/detail/toyota-rav4-745,https://www.motorhub.co.ke/reserve/toyota-rav4-745
MTH2308,https://www.motorhub.co.ke/assets/images/CarPhotos/Large_45c51431743f952b55c07f1072e3e320_24102022023700.JPG,Nissan Note Pure Drive,"KSh 1,100,000",2015,1200 CC,In Stock,Auto,White,Petrol,2 WD,https://www.motorhub.co.ke/detail/nissan-note-738,https://www.motorhub.co.ke/reserve/nissan-note-738
MTH2302,https://www.motorhub.co.ke/assets/images/CarPhotos/Large_9c97d54297f014b42d74c34f63132841_05102022103515.JPG,Toyota Harrier ,"KSh 3,800,000",2015,2000 CC,In Stock,Auto,Black,Petrol,2 WD,https://www.motorhub.co.ke/detail/toyota-harrier-732,https://www.motorhub.co.ke/reserve/toyota-harrier-732
MTH2294,https://www.motorhub.co.ke/assets/images/CarPhotos/Large_8e2d7099a73296bc60a87e97b0c9a961_04102022124756.jpg,Toyota IST ,"KSh 1,300,000",2015,1500 CC,Shipping,Auto,Blue,Petrol,2 WD,https://www.motorhub.co.ke/detail/toyota-ist-724,https://www.motorhub.co.ke/reserve/toyota-ist-724
MTH2293,https://www.motorhub.co.ke/assets/images/CarPhotos/Large_a5f702ee78dd29e1f4a8ea83d897139f_04102022122634.jpg,Toyota Land Cruiser Prado TX-L,"KSh 6,300,000",2016,2800 CC,Shipping,Auto,Pearl,Diesel,4 WD,https://www.motorhub.co.ke/detail/toyota-land-cruiser-prado-723,https://www.motorhub.co.ke/reserve/toyota-land-cruiser-prado-723
MTH2292,https://www.motorhub.co.ke/assets/images/CarPhotos/Large_518c086d7252339aae8f80dc06724ed1_04102022121309.jpg,Toyota Land Cruiser Prado TX.L,"KSh 6,300,000",2016,2800 CC,Shipping,Auto,Bronze,Diesel,4 WD,https://www.motorhub.co.ke/detail/toyota-land-cruiser-prado-722,https://www.motorhub.co.ke/reserve/toyota-land-cruiser-prado-722
MTH2288,https://www.motorhub.co.ke/assets/images/CarPhotos/Large_4a596ae61b1c32adf80f71c9baa2d188_04102022110601.jpg,Mazda CX-5 ,"KSh 2,850,000",2015,2000 CC,Shipping,Auto,Dark Grey,Petrol,2 WD,https://www.motorhub.co.ke/detail/mazda-cx-5-718,https://www.motorhub.co.ke/reserve/mazda-cx-5-718
MTH2286,https://www.motorhub.co.ke/assets/images/CarPhotos/Large_18c44f16e73c9f109394b9448293dedf_04102022104449.jpg,Toyota Harrier ,"KSh 3,650,000",2016,2000 CC,Shipping,Auto,White,Petrol,2 WD,https://www.motorhub.co.ke/detail/toyota-harrier-716,https://www.motorhub.co.ke/reserve/toyota-harrier-716
MTH2285,https://www.motorhub.co.ke/assets/images/CarPhotos/Large_5442e4fb5e27b884eb79bc9604b3b2b7_04102022102834.jpg,Mazda CX-5 ,"KSh 2,850,000",2015,2000 CC,Shipping,Auto,Black,Petrol,2 WD,https://www.motorhub.co.ke/detail/mazda-cx-5-715,https://www.motorhub.co.ke/reserve/mazda-cx-5-715
MTH2284,https://www.motorhub.co.ke/assets/images/CarPhotos/Large_d11f91b9bdf06c067b075bcbbabcaa90_04102022102101.JPG,Toyota Harrier ,"KSh 3,650,000",2016,2000 CC,Shipping,Auto,Pearl,Petrol,2 WD,https://www.motorhub.co.ke/detail/toyota-harrier-714,https://www.motorhub.co.ke/reserve/toyota-harrier-714
MTH2282,https://www.motorhub.co.ke/assets/images/CarPhotos/Large_8df1a829a7ca1faec32ff79533bfd2c7_04102022095824.jpg,Volkswagen Tiguan ,"KSh 2,900,000",2016,2000 CC,Shipping,Auto,Black,Petrol,2 WD,https://www.motorhub.co.ke/detail/volkswagen-tiguan-712,https://www.motorhub.co.ke/reserve/volkswagen-tiguan-712
MTH2281,https://www.motorhub.co.ke/assets/images/CarPhotos/Large_5d5498e714cbbf445cdafd964dca5abf_04102022095041.jpg,Subaru Outback ,"KSh 3,100,000",2015,2500 CC,Shipping,Auto,Bronze,Petrol,4 WD,https://www.motorhub.co.ke/detail/subaru-outback-711,https://www.motorhub.co.ke/reserve/subaru-outback-711
MTH2280,https://www.motorhub.co.ke/assets/images/CarPhotos/Large_40078dbf8f0c22691990ab86c0676940_04102022094304.jpg,Subaru Outback ,"KSh 3,300,000",2015,2500 CC,Shipping,Auto,White,Petrol,4 WD,https://www.motorhub.co.ke/detail/subaru-outback-710,https://www.motorhub.co.ke/reserve/subaru-outback-710
MTH2278,https://www.motorhub.co.ke/assets/images/CarPhotos/Large_1987d2b64dcddbe71f1720fe358df20d_04102022093053.jpg,Toyota RAV4 ,"KSh 3,000,000",2016,2400 CC,Shipping,Auto,Black,Petrol,4 WD,https://www.motorhub.co.ke/detail/toyota-rav4-708,https://www.motorhub.co.ke/reserve/toyota-rav4-708
MTH2277,https://www.motorhub.co.ke/assets/images/CarPhotos/Large_1f6c540218892fa59cbcb6aa1a35efe8_04102022092028.jpg,Mitsubishi RVR ,Sold,2015,1800 CC,Shipping,Auto,Silver,Petrol,4 WD,https://www.motorhub.co.ke/detail/mitsubishi-rvr-707,https://www.motorhub.co.ke/reserve/mitsubishi-rvr-707
MTH2276,https://www.motorhub.co.ke/assets/images/CarPhotos/Large_dc4060bc3a38b6d889eebf4c88449234_29092022121830.JPG,Toyota Premio ,"KSh 2,350,000",2015,1800 CC,In Stock,Auto,Bluish Green,Petrol,2 WD,https://www.motorhub.co.ke/detail/toyota-premio-706,https://www.motorhub.co.ke/reserve/toyota-premio-706
MTH2269,https://www.motorhub.co.ke/assets/images/CarPhotos/Large_2549e684d77b2067e4426d7543a31b47_28092022111810.JPG,Lexus RX350 ,"KSh 4,600,000",2015,3500 CC,In Stock,Auto,Black,Petrol,4 WD,https://www.motorhub.co.ke/detail/lexus-rx350-699,https://www.motorhub.co.ke/reserve/lexus-rx350-699
MTH2260,https://www.motorhub.co.ke/assets/images/CarPhotos/Large_805a8610c84cdde55778ecace9d7f0e2_26092022092744.JPG,Toyota Hilux Single Cab,"KSh 2,450,000",2014,2500 CC,In Stock,Manual,Greyish Gold,Diesel,2 WD,https://www.motorhub.co.ke/detail/toyota-hilux-690,https://www.motorhub.co.ke/reserve/toyota-hilux-690
MTH2257,https://www.motorhub.co.ke/assets/images/CarPhotos/Large_9d3207e30122e973b1d1d3e2a488b841_24092022012841.JPG,Mazda Bongo Van,"KSh 1,380,000",2015,1800 CC,In Stock,Auto,Grey,Petrol,2 WD,https://www.motorhub.co.ke/detail/mazda-bongo-687,https://www.motorhub.co.ke/reserve/mazda-bongo-687
MTH2256,https://www.motorhub.co.ke/assets/images/CarPhotos/Large_c8d8d1a38042ae4b307875d21f310190_24092022011515.JPG,Toyota Premio ,"KSh 2,350,000",2015,1500 CC,In Stock,Auto,Maroon,Petrol,2 WD,https://www.motorhub.co.ke/detail/toyota-premio-686,https://www.motorhub.co.ke/reserve/toyota-premio-686
MTH2251,https://www.motorhub.co.ke/assets/images/CarPhotos/Large_8fa89ee5dbda3c9bd76f4befa34eb4ff_24092022124529.JPG,Mercedes-Benz E-Class E250,"KSh 3,850,000",2014,2000 CC,In Stock,Auto,White,Petrol,2 WD,https://www.motorhub.co.ke/detail/mercedes-benz-e-class-681,https://www.motorhub.co.ke/reserve/mercedes-benz-e-class-681
MTH2247,https://www.motorhub.co.ke/assets/images/CarPhotos/Large_3eb80b17bf16b26815e582b7db2309cd_24092022115315.jpg,Toyota Land Cruiser Prado TX,"KSh 7,800,000",2018,2700 CC,Shipping,Auto,Black,Petrol,4 WD,https://www.motorhub.co.ke/detail/toyota-land-cruiser-prado-677,https://www.motorhub.co.ke/reserve/toyota-land-cruiser-prado-677
MTH2246,https://www.motorhub.co.ke/assets/images/CarPhotos/Large_2dc93501c8f62312d1af45e2edf2f1c7_24092022114912.jpg,Toyota Land Cruiser Prado TX,"KSh 6,400,000",2017,2800 CC,Shipping,Auto,Bronze,Diesel,4 WD,https://www.motorhub.co.ke/detail/toyota-land-cruiser-prado-676,https://www.motorhub.co.ke/reserve/toyota-land-cruiser-prado-676
MTH2245,https://www.motorhub.co.ke/assets/images/CarPhotos/Large_75a81c561b6bab96ec9eeaa5feab013a_24092022114522.jpg,Volkswagen Tiguan ,"KSh 4,600,000",2017,1400 CC,Shipping,Auto,Greyish Gold,Petrol,4 WD,https://www.motorhub.co.ke/detail/volkswagen-tiguan-675,https://www.motorhub.co.ke/reserve/volkswagen-tiguan-675
MTH2242,https://www.motorhub.co.ke/assets/images/CarPhotos/Large_1b5bbeec777518dc685314560e9fc4a6_22092022030650.JPG,Toyota Hilux Double Cab,"KSh 3,680,000",2014,3000 CC,In Stock,Auto,Black,Diesel,4 WD,https://www.motorhub.co.ke/detail/toyota-hilux-672,https://www.motorhub.co.ke/reserve/toyota-hilux-672
MTH2241,https://www.motorhub.co.ke/assets/images/CarPhotos/Large_7531a018826ad6473a142a394545e180_21092022024544.JPG,Mercedes-Benz C-Class C250,"KSh 4,300,000",2014,2000 CC,In Stock,Auto,Silver,Petrol,2 WD,https://www.motorhub.co.ke/detail/mercedes-benz-c-class-671,https://www.motorhub.co.ke/reserve/mercedes-benz-c-class-671
MTH2238,https://www.motorhub.co.ke/assets/images/CarPhotos/Large_60ee8ca4bcdb243b993e9499f7f380e1_15092022044246.JPG,Volkswagen Touareg TDI SUV,"KSh 900,000",2004,2500 CC,In Stock,Auto,Black,Diesel,4 WD,https://www.motorhub.co.ke/detail/volkswagen-touareg-tdi-668,https://www.motorhub.co.ke/reserve/volkswagen-touareg-tdi-668
MTH2224,https://www.motorhub.co.ke/assets/images/CarPhotos/Large_707d876dba3c5e9560abc6358acee1c0_07092022033251.JPG,Toyota Alphard ,"KSh 1,480,000",2011,2400 CC,In Stock,Auto,White,Petrol,2 WD,https://www.motorhub.co.ke/detail/toyota-alphard-654,https://www.motorhub.co.ke/reserve/toyota-alphard-654
MTH2222,https://www.motorhub.co.ke/assets/images/CarPhotos/Large_2700aa6c4bfebe353cfb700ec6e0e08f_06092022093717.JPG,Isuzu CYH ,"KSh 6,300,000",2015,14256 CC,In Stock,Auto,White,Diesel,2 WD,https://www.motorhub.co.ke/detail/isuzu-cyh-652,https://www.motorhub.co.ke/reserve/isuzu-cyh-652
MTH2221,https://www.motorhub.co.ke/assets/images/CarPhotos/Large_43d495d01faae29aef3f8cbecf528b5c_01092022040439.JPG,Toyota Land Cruiser Prado TX,"KSh 7,100,000",2018,2700 CC,In Stock,Auto,Black,Petrol,4 WD,https://www.motorhub.co.ke/detail/toyota-land-cruiser-prado-651,https://www.motorhub.co.ke/reserve/toyota-land-cruiser-prado-651
MTH2209,https://www.motorhub.co.ke/assets/images/CarPhotos/Large_003f85987aaa72f3af2d650747696d01_31082022013632.JPG,Mercedes-Benz C-Class C200,"KSh 3,800,000",2015,2000 CC,In Stock,Auto,Black,Petrol,2 WD,https://www.motorhub.co.ke/detail/mercedes-benz-c-class-634,https://www.motorhub.co.ke/reserve/mercedes-benz-c-class-634
MTH2208,https://www.motorhub.co.ke/assets/images/CarPhotos/Large_0a43acbe38a08077aaee65036eac4f13_30082022124643.JPG,Peugeot 208 ,"KSh 1,150,000",2015,1200 CC,In Stock,Auto,White,Petrol,2 WD,https://www.motorhub.co.ke/detail/peugeot-208-633,https://www.motorhub.co.ke/reserve/peugeot-208-633
MTH2207,https://www.motorhub.co.ke/assets/images/CarPhotos/Large_7cdc498e13d815c5181498c4e1535582_30082022121131.JPG,Mercedes-Benz S-Class S550,"KSh 8,800,000",2014,4600 CC,In Stock,Auto,Black,Petrol,2 WD,https://www.motorhub.co.ke/detail/mercedes-benz-s-class-632,https://www.motorhub.co.ke/reserve/mercedes-benz-s-class-632
MTH2206,https://www.motorhub.co.ke/assets/images/CarPhotos/Large_b99a4348311ef48f4ed2db525ab2eb02_30082022115654.JPG,Toyota Probox ,"KSh 1,150,000",2016,1500 CC,In Stock,Auto,White,Petrol,2 WD,https://www.motorhub.co.ke/detail/toyota-probox-631,https://www.motorhub.co.ke/reserve/toyota-probox-631
MTH2199,https://www.motorhub.co.ke/assets/images/CarPhotos/Large_d95b728f28fe757022c143695e99cc9d_24082022105757.JPG,Toyota Passo ,"KSh 980,000",2015,1000 CC,In Stock,Auto,Maroon,Petrol,2 WD,https://www.motorhub.co.ke/detail/toyota-passo-624,https://www.motorhub.co.ke/reserve/toyota-passo-624
MTH2194,https://www.motorhub.co.ke/assets/images/CarPhotos/Large_2ec2ddbebd1638b5c7b0394001fbb33d_23082022111152.JPG,Hino Riesse Bus ,"KSh 5,000,000",2012,4000 CC,In Stock,Auto,Silver,Diesel,2 WD,https://www.motorhub.co.ke/detail/hino-riesse-bus-619,https://www.motorhub.co.ke/reserve/hino-riesse-bus-619
MTH2193,https://www.motorhub.co.ke/assets/images/CarPhotos/Large_cb719afc41907275c203f5dd89a463f2_23082022103310.JPG,Toyota Probox ,"KSh 1,150,000",2015,1300 CC,In Stock,Auto,White,Petrol,2 WD,https://www.motorhub.co.ke/detail/toyota-probox-618,https://www.motorhub.co.ke/reserve/toyota-probox-618
MTH2192,https://www.motorhub.co.ke/assets/images/CarPhotos/Large_9706c4dbbace5ee2700b550f3b6aff2d_23082022102344.JPG,Toyota Probox ,"KSh 1,150,000",2015,1300 CC,In Stock,Auto,White,Petrol,2 WD,https://www.motorhub.co.ke/detail/toyota-probox-617,https://www.motorhub.co.ke/reserve/toyota-probox-617
MTH2191,https://www.motorhub.co.ke/assets/images/CarPhotos/Large_a53f4b4d31674bcee96f77669eb4facc_23082022100443.JPG,Toyota Probox ,"KSh 1,120,000",2015,1300 CC,In Stock,Auto,Silver,Petrol,2 WD,https://www.motorhub.co.ke/detail/toyota-probox-616,https://www.motorhub.co.ke/reserve/toyota-probox-616
MTH2188,https://www.motorhub.co.ke/assets/images/CarPhotos/Large_f7c18843442762031a7df08bfae17721_23082022091205.jpg,Nissan Juke ,"KSh 1,700,000",2015,1500 CC,Shipping,Auto,Purple,Petrol,2 WD,https://www.motorhub.co.ke/detail/nissan-juke-613,https://www.motorhub.co.ke/reserve/nissan-juke-613
MTH2183,https://www.motorhub.co.ke/assets/images/CarPhotos/Large_2eb794315da20977e94243aa648c8de2_18082022062732.jpg,Toyota Harrier ,"KSh 3,950,000",2017,2000 CC,Shipping,Auto,Black,Petrol,4 WD,https://www.motorhub.co.ke/detail/toyota-harrier-608,https://www.motorhub.co.ke/reserve/toyota-harrier-608
MTH2182,https://www.motorhub.co.ke/assets/images/CarPhotos/Large_d47e15ab1721f3406e01f2281883874b_18082022061537.jpg,Toyota Harrier ,"KSh 3,750,000",2016,2000 CC,Shipping,Auto,Silver,Petrol,4 WD,https://www.motorhub.co.ke/detail/toyota-harrier-607,https://www.motorhub.co.ke/reserve/toyota-harrier-607
MTH2181,https://www.motorhub.co.ke/assets/images/CarPhotos/Large_1b8c8319b17ceeb29473df52ef12581f_18082022060903.jpg,Mazda Demio ,"KSh 1,300,000",2015,1300 CC,Shipping,Auto,Purple,Petrol,2 WD,https://www.motorhub.co.ke/detail/mazda-demio-606,https://www.motorhub.co.ke/reserve/mazda-demio-606
MTH2180,https://www.motorhub.co.ke/assets/images/CarPhotos/Large_f18e6d0bdb95dd44385a980178bf40ca_19082022111750.jpg,Toyota Land Cruiser Prado TX,"KSh 6,300,000",2016,2800 CC,Shipping,Auto,Brown,Diesel,4 WD,https://www.motorhub.co.ke/detail/toyota-land-cruiser-prado-605,https://www.motorhub.co.ke/reserve/toyota-land-cruiser-prado-605
MTH2179,https://www.motorhub.co.ke/assets/images/CarPhotos/Large_c564bf99a7246997f2c7c16160fc624d_18082022055633.jpg,Toyota Land Cruiser Prado TZ-G,"KSh 7,100,000",2015,2800 CC,Shipping,Auto,Pearl,Petrol,4 WD,https://www.motorhub.co.ke/detail/toyota-land-cruiser-prado-604,https://www.motorhub.co.ke/reserve/toyota-land-cruiser-prado-604
MTH2178,https://www.motorhub.co.ke/assets/images/CarPhotos/Large_d6dfafb02d67b9951961f5608b5d61db_18082022054705.JPG,Toyota Auris Turbo ,"KSh 1,680,000",2015,1200 CC,Shipping,Auto,Black,Petrol,2 WD,https://www.motorhub.co.ke/detail/toyota-auris-turbo-603,https://www.motorhub.co.ke/reserve/toyota-auris-turbo-603
MTH2177,https://www.motorhub.co.ke/assets/images/CarPhotos/Large_e04e9278adc1557d405fafe75734f661_18082022053707.jpg,Toyota Land Cruiser Prado TZ-G,"KSh 7,100,000",2015,2800 CC,Shipping,Auto,White,Diesel,4 WD,https://www.motorhub.co.ke/detail/toyota-land-cruiser-prado-602,https://www.motorhub.co.ke/reserve/toyota-land-cruiser-prado-602
MTH2174,https://www.motorhub.co.ke/assets/images/CarPhotos/Large_b749c5b03da31ae5c8679783191426ab_18082022050950.jpg,Mazda CX-5 ,"KSh 2,780,000",2016,2000 CC,Shipping,Auto,White,Petrol,2 WD,https://www.motorhub.co.ke/detail/mazda-cx-5-599,https://www.motorhub.co.ke/reserve/mazda-cx-5-599
MTH2173,https://www.motorhub.co.ke/assets/images/CarPhotos/Large_cb292af98106a5c3ac2df5e3e5c90361_18082022050329.jpg,Subaru Forester ,"KSh 2,980,000",2016,2000 CC,Shipping,Auto,Black,Petrol,4 WD,https://www.motorhub.co.ke/detail/subaru-forester-598,https://www.motorhub.co.ke/reserve/subaru-forester-598
MTH2172,https://www.motorhub.co.ke/assets/images/CarPhotos/Large_e205f5786c4f4689dbc6831055f48f89_18082022045532.JPG,Subaru Forester ,"KSh 2,930,000",2016,2000 CC,Shipping,Auto,Wine Red,Petrol,4 WD,https://www.motorhub.co.ke/detail/subaru-forester-597,https://www.motorhub.co.ke/reserve/subaru-forester-597
MTH2161,https://www.motorhub.co.ke/assets/images/CarPhotos/Large_4495eca502960c0a6c1aa2cbc641a352_12082022114855.JPG,Mercedes-Benz G-Class G63,"KSh 19,000,000",2016,5500 CC,In Stock,Auto,Grey,Petrol,4 WD,https://www.motorhub.co.ke/detail/mercedes-benz-g-class-586,https://www.motorhub.co.ke/reserve/mercedes-benz-g-class-586
MTH2136,https://www.motorhub.co.ke/assets/images/CarPhotos/Large_aaaa0f043973176b01919dd2fce37347_05082022122101.jpg,Mercedes-Benz M-Class ML350,"KSh 2,000,000",2008,3500 CC,In Stock,Auto,Black,Petrol,4 WD,https://www.motorhub.co.ke/detail/mercedes-benz-m-class-561,https://www.motorhub.co.ke/reserve/mercedes-benz-m-class-561
MTH2134,https://www.motorhub.co.ke/assets/images/CarPhotos/Large_878644c68146ff841f3e18159337c143_05082022115659.JPG,Volkswagen Golf TSI,"KSh 1,780,000",2015,1200 CC,In Stock,Auto,Gold,Petrol,2 WD,https://www.motorhub.co.ke/detail/volkswagen-golf-559,https://www.motorhub.co.ke/reserve/volkswagen-golf-559
MTH2133,https://www.motorhub.co.ke/assets/images/CarPhotos/Large_13168dd851487d75afff996543d30b3b_05082022114316.JPG,Land Rover Discovery IV XS,"KSh 3,800,000",2012,3000 CC,In Stock,Auto,Blue,Diesel,4 WD,https://www.motorhub.co.ke/detail/land-rover-discovery-558,https://www.motorhub.co.ke/reserve/land-rover-discovery-558
MTH2131,https://www.motorhub.co.ke/assets/images/CarPhotos/Large_65eae5ac3bdc52398d03baa4de5aff26_05082022110939.JPG,Mercedes-Benz C-Class C180,"KSh 3,500,000",2015,1600 CC,In Stock,Auto,Silver,Petrol,2 WD,https://www.motorhub.co.ke/detail/mercedes-benz-c-class-556,https://www.motorhub.co.ke/reserve/mercedes-benz-c-class-556
MTH2130,https://www.motorhub.co.ke/assets/images/CarPhotos/Large_eabaf93b271fdb1665958143e7592048_04082022115910.JPG,Toyota Harrier ,"KSh 3,680,000",2015,2000 CC,In Stock,Auto,White,Petrol,2 WD,https://www.motorhub.co.ke/detail/toyota-harrier-555,https://www.motorhub.co.ke/reserve/toyota-harrier-555
MTH2119,https://www.motorhub.co.ke/assets/images/CarPhotos/Large_8512705b542cdfc2420e43671c071058_29072022123358.JPG,Isuzu CYH ,"KSh 6,600,000",2015,10059 CC,In Stock,Manual,White,Diesel,2 WD,https://www.motorhub.co.ke/detail/isuzu-cyh-544,https://www.motorhub.co.ke/reserve/isuzu-cyh-544
MTH2115,https://www.motorhub.co.ke/assets/images/CarPhotos/Large_cde50ea5ca752058506d3f4e48c6f617_29072022113430.JPG,Mercedes-Benz Sprinter 313 CDI,"KSh 2,600,000",2014,2143 CC,In Stock,Manual,White,Diesel,2 WD,https://www.motorhub.co.ke/detail/mercedes-benz-sprinter-540,https://www.motorhub.co.ke/reserve/mercedes-benz-sprinter-540
MTH2106,https://www.motorhub.co.ke/assets/images/CarPhotos/Large_9cb1eeb4a620390e4362d00212b53be9_27072022052326.JPG,Toyota Passo ,"KSh 980,000",2015,1300 CC,In Stock,Auto,Silver,Petrol,2 WD,https://www.motorhub.co.ke/detail/toyota-passo-531,https://www.motorhub.co.ke/reserve/toyota-passo-531
MTH2063,https://www.motorhub.co.ke/assets/images/CarPhotos/Large_e059ff19871cad95b356422b080f093b_04072022124731.jpeg,Land Rover Discovery IV SE,"KSh 6,300,000",2015,3000 CC,Shipping,Auto,Grey,Diesel,4 WD,https://www.motorhub.co.ke/detail/land-rover-discovery-488,https://www.motorhub.co.ke/reserve/land-rover-discovery-488
MTH1972,https://www.motorhub.co.ke/assets/images/CarPhotos/Large_5e69ae759e497a92b7426acd28b9f1e0_13052022031930.JPG,Lexus RX200T ,SOLD,2016,2000 CC,In Stock,Auto,Black,Petrol,4 WD,https://www.motorhub.co.ke/detail/lexus-rx200t-397,https://www.motorhub.co.ke/reserve/lexus-rx200t-397
MTH1966,https://www.motorhub.co.ke/assets/images/CarPhotos/Large_694deb6c16959e847c8579047e308073_12052022123149.jpeg,Toyota Landcruiser 300 Series Sahara,"KSh 25,000,000",2022,3300 CC,Shipping,Auto,Bronze,Diesel,4 WD,https://www.motorhub.co.ke/detail/toyota-landcruiser-300-series-391,https://www.motorhub.co.ke/reserve/toyota-landcruiser-300-series-391
MTH1943,https://www.motorhub.co.ke/assets/images/CarPhotos/Large_456be52b5d7f387e06776cba2de69e6c_28052022112111.jpeg,Toyota Land Cruiser Prado TX,"KSh 6,750,000",2017,2700 CC,Shipping,Auto,Black,Petrol,4 WD,https://www.motorhub.co.ke/detail/toyota-land-cruiser-prado-368,https://www.motorhub.co.ke/reserve/toyota-land-cruiser-prado-368
MTH1940,https://www.motorhub.co.ke/assets/images/CarPhotos/Large_bd33bb0cc80f001c0ad9396355021e9b_22042022022719.JPG,Peugeot 308 ,"KSh 1,200,000",2013,1600 CC,In Stock,Auto,Gold,Petrol,2 WD,https://www.motorhub.co.ke/detail/peugeot-308-365,https://www.motorhub.co.ke/reserve/peugeot-308-365
MTH1859,https://www.motorhub.co.ke/assets/images/CarPhotos/Large_f66ff5845dfeff5885ab63ded0e2cdc1_18022022104604.jpg,Toyota Land Cruiser Prado TZ-G,"KSh 6,700,000",2015,2800 CC,Shipping,Auto,White,Diesel,4 WD,https://www.motorhub.co.ke/detail/toyota-land-cruiser-prado-283,https://www.motorhub.co.ke/reserve/toyota-land-cruiser-prado-283
MTH1822,https://www.motorhub.co.ke/assets/images/CarPhotos/Large_786d88adab08e46fc621f7997249c722_07022022104831.JPG,Toyota Hiace ,"KSh 1,500,000",2008,3000 CC,In Stock,Auto,Silver,Diesel,2 WD,https://www.motorhub.co.ke/detail/toyota-hiace-246,https://www.motorhub.co.ke/reserve/toyota-hiace-246
MTH1821,https://www.motorhub.co.ke/assets/images/CarPhotos/Large_1a7ceb746b35b936adcd02e8eeec4ba1_07022022104444.JPG,Toyota Hiace ,"KSh 1,500,000",2010,3000 CC,In Stock,Auto,Silver,Diesel,2 WD,https://www.motorhub.co.ke/detail/toyota-hiace-245,https://www.motorhub.co.ke/reserve/toyota-hiace-245
MTH1814,https://www.motorhub.co.ke/assets/images/CarPhotos/Large_2ce7bcc631d5a73213d3e8dd23ba688d_07022022100035.JPG,ZNA Rich ,"Ksh 1,750,000 Offer Price",2014,2400 CC,In Stock,Auto,White,Petrol,4 WD,https://www.motorhub.co.ke/detail/zna-rich-238,https://www.motorhub.co.ke/reserve/zna-rich-238
MTH1792,https://www.motorhub.co.ke/assets/images/CarPhotos/Large_0656c2697bc16da2eedc1e36d328da1c_01022022010355.JPG,Lexus LX570 ,"KSh 9,990,000",2014,5700 CC,In Stock,Auto,Blue,Petrol,4 WHEEL DRIVE,https://www.motorhub.co.ke/detail/lexus-lx570-216,https://www.motorhub.co.ke/reserve/lexus-lx570-216
MTH1690,https://www.motorhub.co.ke/assets/images/CarPhotos/Large_78a40ff22152ff7aaec3b15fedc9cd45_18112021013953.jpg,Land Rover Defender ,"KSh 4,600,000",2011,2400 CC,In Stock,Auto,Silver,Diesel,4 WD,https://www.motorhub.co.ke/detail/land-rover-defender-111,https://www.motorhub.co.ke/reserve/land-rover-defender-111
MTH1646,https://www.motorhub.co.ke/assets/images/CarPhotos/Large_52b9e85a46990cc7d93a9a87bf6aba0c_17012022122921.jpg,ZNA Rich ,"Ksh 1,750,000 Offer Price",2015,2400 CC,In Stock,Manual,White,Petrol,4 WD,https://www.motorhub.co.ke/detail/zna-rich-179,https://www.motorhub.co.ke/reserve/zna-rich-179
MTH0903,https://www.motorhub.co.ke/assets/images/CarPhotos/Large_53b681cf567f47b94d682af333579521_17012022020719.jpg,Royal Enfield ,"KSh 550,000",2014,500 CC,In Stock,Manual,Black,Petrol,2 WD,https://www.motorhub.co.ke/detail/royal-enfield-180,https://www.motorhub.co.ke/reserve/royal-enfield-180
